{
	"animations": [
		{
			"offsets": [
				-5,
				0
			],
			"loop": false,
			"fps": 24,
			"anim": "idle",
			"indices": [],
			"name": "BF idle dance"
		},
		{
			"offsets": [
				5,
				-6
			],
			"loop": false,
			"fps": 24,
			"anim": "singLEFT",
			"indices": [],
			"name": "BF NOTE LEFT0"
		},
		{
			"offsets": [
				-20,
				-51
			],
			"loop": false,
			"fps": 24,
			"anim": "singDOWN",
			"indices": [],
			"name": "BF NOTE DOWN0"
		},
		{
			"offsets": [
				-46,
				27
			],
			"loop": false,
			"fps": 24,
			"anim": "singUP",
			"indices": [],
			"name": "BF NOTE UP0"
		},
		{
			"offsets": [
				-48,
				-7
			],
			"loop": false,
			"fps": 24,
			"anim": "singRIGHT",
			"indices": [],
			"name": "BF NOTE RIGHT0"
		},
		{
			"offsets": [
				7,
				19
			],
			"loop": false,
			"fps": 24,
			"anim": "singLEFTmiss",
			"indices": [],
			"name": "BF NOTE LEFT MISS"
		},
		{
			"offsets": [
				-15,
				-19
			],
			"loop": false,
			"fps": 24,
			"anim": "singDOWNmiss",
			"indices": [],
			"name": "BF NOTE DOWN MISS"
		},
		{
			"offsets": [
				-46,
				27
			],
			"loop": false,
			"fps": 24,
			"anim": "singUPmiss",
			"indices": [],
			"name": "BF NOTE UP MISS"
		},
		{
			"offsets": [
				-44,
				22
			],
			"loop": false,
			"fps": 24,
			"anim": "singRIGHTmiss",
			"indices": [],
			"name": "BF NOTE RIGHT MISS"
		},
		{
			"offsets": [
				3,
				13
			],
			"loop": false,
			"fps": 24,
			"anim": "singLEFT-alt",
			"indices": [],
			"name": "ALT 2 BF LEFT0"
		},
		{
			"offsets": [
				-16,
				-48
			],
			"loop": false,
			"fps": 24,
			"anim": "singDOWN-alt",
			"indices": [],
			"name": "ALT 2 BF DOWN0"
		},
		{
			"offsets": [
				-63,
				62
			],
			"loop": false,
			"fps": 24,
			"anim": "singUP-alt",
			"indices": [],
			"name": "ALT 2 BF UP0"
		},
		{
			"offsets": [
				-30,
				26
			],
			"loop": false,
			"fps": 24,
			"anim": "singRIGHT-alt",
			"indices": [],
			"name": "ALT 2 BF RIGHT0"
		},
		{
			"offsets": [
				0,
				19
			],
			"loop": false,
			"fps": 24,
			"anim": "singLEFTmiss-alt",
			"indices": [],
			"name": "BF NOTE LEFT MISS"
		},
		{
			"offsets": [
				0,
				-10
			],
			"loop": false,
			"fps": 24,
			"anim": "singDOWNmiss-alt",
			"indices": [],
			"name": "BF NOTE DOWN MISS"
		},
		{
			"offsets": [
				-20,
				21
			],
			"loop": false,
			"fps": 24,
			"anim": "singUPmiss-alt",
			"indices": [],
			"name": "BF NOTE UP MISS"
		},
		{
			"offsets": [
				-20,
				20
			],
			"loop": false,
			"fps": 24,
			"anim": "singRIGHTmiss-alt",
			"indices": [],
			"name": "BF NOTE RIGHT MISS"
		}
	],
	"no_antialiasing": false,
	"image": "characters/BOYFRIEND",
	"position": [
		0,
		350
	],
	"healthicon": "bf",
	"flip_x": true,
	"healthbar_colors": [
		49,
		176,
		209
	],
	"camera_position": [
		10,
		-20
	],
	"sing_duration": 4,
	"scale": 1
}