{
	"animations": [
		{
			"offsets": [
				-11,
				0
			],
			"loop": false,
			"fps": 30,
			"anim": "idle2",
			"name": "shaggy_idle2"
		},
		{
			"offsets": [
				33,
				0
			],
			"loop": false,
			"anim": "standUP",
			"fps": 30,
			"name": "shaggy_stand0",
			"indices": []
		},
		{
			"offsets": [
				29,
				-218
			],
			"loop": false,
			"anim": "sit",
			"fps": 30,
			"name": "shaggy_sit0",
			"indices": []
		},
		{
			"loop": false,
			"offsets": [
				-160,
				-19
			],
			"anim": "idle",
			"fps": 30,
			"name": "Shaggy idle dance",
			"indices": []
		},
		{
			"loop": false,
			"offsets": [
				-160,
				-22
			],
			"anim": "singLEFT",
			"fps": 30,
			"name": "Shaggy Left",
			"indices": []
		},
		{
			"loop": false,
			"offsets": [
				-160,
				-40
			],
			"anim": "singDOWN",
			"fps": 30,
			"name": "Shaggy Down",
			"indices": []
		},
		{
			"loop": false,
			"offsets": [
				-161,
				2
			],
			"anim": "singUP",
			"fps": 30,
			"name": "Shaggy Up",
			"indices": []
		},
		{
			"loop": false,
			"offsets": [
				-161,
				-18
			],
			"anim": "singRIGHT",
			"fps": 30,
			"name": "Shaggy Right",
			"indices": []
		}
	],
	"no_antialiasing": false,
	"image": "characters/Shaggyhot",
	"position": [
		0,
		0
	],
	"healthicon": "rshaggy",
	"flip_x": false,
	"healthbar_colors": [
		209,
		26,
		26
	],
	"camera_position": [
		-30,
		50
	],
	"sing_duration": 6.1,
	"scale": 1
}