﻿<?xml version="1.0" encoding="utf-8"?>
<TextureAtlas imagePath="BOYFRIENDnity.png">
	<!-- Created with Adobe Animate version 19.2.1.408 -->
	<!-- http://www.adobe.com/products/animate.html -->
	<SubTexture name="BF Dead Loop0000" x="0" y="0" width="420" height="433" pivotX="-69.8" pivotY="-1000.75"/>
	<SubTexture name="BF Dead Loop0001" x="420" y="0" width="420" height="433"/>
	<SubTexture name="BF Dead Loop0002" x="420" y="0" width="420" height="433"/>
	<SubTexture name="BF Dead Loop0003" x="840" y="0" width="420" height="433"/>
	<SubTexture name="BF Dead Loop0004" x="840" y="0" width="420" height="433"/>
	<SubTexture name="BF Dead Loop0005" x="1260" y="0" width="420" height="433"/>
	<SubTexture name="BF Dead Loop0006" x="1260" y="0" width="420" height="433"/>
	<SubTexture name="BF Dead Loop0007" x="1680" y="0" width="420" height="433"/>
	<SubTexture name="BF Dead Loop0008" x="2100" y="0" width="420" height="433"/>
	<SubTexture name="BF Dead Loop0009" x="2100" y="0" width="420" height="433"/>
	<SubTexture name="BF Dead Loop0010" x="2100" y="0" width="420" height="433"/>
	<SubTexture name="BF Dead Loop0011" x="2100" y="0" width="420" height="433"/>
	<SubTexture name="BF Dead Loop0012" x="2100" y="0" width="420" height="433"/>
	<SubTexture name="BF Dead Loop0013" x="2100" y="0" width="420" height="433"/>
	<SubTexture name="BF Dead Loop0014" x="2100" y="0" width="420" height="433"/>
	<SubTexture name="BF Dead Loop0015" x="2100" y="0" width="420" height="433"/>
	<SubTexture name="BF Dead Loop0016" x="2100" y="0" width="420" height="433"/>
	<SubTexture name="BF Dead Loop0017" x="0" y="0" width="420" height="433"/>
	<SubTexture name="BF Dead Loop0018" x="420" y="0" width="420" height="433"/>
	<SubTexture name="BF Dead Loop0019" x="420" y="0" width="420" height="433"/>
	<SubTexture name="BF Dead Loop0020" x="840" y="0" width="420" height="433"/>
	<SubTexture name="BF Dead Loop0021" x="840" y="0" width="420" height="433"/>
	<SubTexture name="BF Dead Loop0022" x="1260" y="0" width="420" height="433"/>
	<SubTexture name="BF Dead Loop0023" x="1260" y="0" width="420" height="433"/>
	<SubTexture name="BF Dead Loop0024" x="2100" y="0" width="420" height="433"/>
	<SubTexture name="BF Dead Loop0025" x="2100" y="0" width="420" height="433"/>
	<SubTexture name="BF Dead Loop0026" x="2100" y="0" width="420" height="433"/>
	<SubTexture name="BF Dead Loop0027" x="2100" y="0" width="420" height="433"/>
	<SubTexture name="BF Dead Loop0028" x="2100" y="0" width="420" height="433"/>
	<SubTexture name="BF Dead Loop0029" x="2100" y="0" width="420" height="433"/>
	<SubTexture name="BF Dead Loop0030" x="1680" y="0" width="420" height="433"/>
	<SubTexture name="BF Dead Loop0031" x="2520" y="0" width="420" height="433"/>
	<SubTexture name="BF Dead Loop0032" x="2520" y="0" width="420" height="433"/>
	<SubTexture name="BF Dead Loop0033" x="2520" y="0" width="420" height="433"/>
	<SubTexture name="BF Dead confirm0000" x="2940" y="0" width="420" height="499" pivotX="-69.8" pivotY="-934.9"/>
	<SubTexture name="BF Dead confirm0001" x="3360" y="0" width="420" height="499"/>
	<SubTexture name="BF Dead confirm0002" x="0" y="499" width="420" height="499"/>
	<SubTexture name="BF Dead confirm0003" x="420" y="499" width="420" height="499"/>
	<SubTexture name="BF Dead confirm0004" x="840" y="499" width="420" height="499"/>
	<SubTexture name="BF Dead confirm0005" x="1260" y="499" width="420" height="499"/>
	<SubTexture name="BF Dead confirm0006" x="1680" y="499" width="420" height="499"/>
	<SubTexture name="BF Dead confirm0007" x="2100" y="499" width="420" height="499"/>
	<SubTexture name="BF Dead confirm0008" x="2520" y="499" width="420" height="499"/>
	<SubTexture name="BF Dead confirm0009" x="2940" y="499" width="420" height="499"/>
	<SubTexture name="BF Dead confirm0010" x="3360" y="499" width="420" height="499"/>
	<SubTexture name="BF Dead confirm0011" x="0" y="998" width="420" height="499"/>
	<SubTexture name="BF Dead confirm0012" x="420" y="998" width="420" height="499"/>
	<SubTexture name="BF Dead confirm0013" x="840" y="998" width="420" height="499"/>
	<SubTexture name="BF Dead confirm0014" x="1260" y="998" width="420" height="499"/>
	<SubTexture name="BF Dead confirm0015" x="1680" y="998" width="420" height="499"/>
	<SubTexture name="BF Dead confirm0016" x="2100" y="998" width="420" height="499"/>
	<SubTexture name="BF Dead confirm0017" x="2520" y="998" width="420" height="499"/>
	<SubTexture name="BF Dead confirm0018" x="2940" y="998" width="420" height="499"/>
	<SubTexture name="BF Dead confirm0019" x="3360" y="998" width="420" height="499"/>
	<SubTexture name="BF Dead confirm0020" x="0" y="1497" width="420" height="499"/>
	<SubTexture name="BF Dead confirm0021" x="420" y="1497" width="420" height="499"/>
	<SubTexture name="BF Dead confirm0022" x="840" y="1497" width="420" height="499"/>
	<SubTexture name="BF Dead confirm0023" x="840" y="1497" width="420" height="499"/>
	<SubTexture name="BF Dead confirm0024" x="1260" y="1497" width="420" height="499"/>
	<SubTexture name="BF Dead confirm0025" x="1260" y="1497" width="420" height="499"/>
	<SubTexture name="BF Dead confirm0026" x="1260" y="1497" width="420" height="499"/>
	<SubTexture name="BF Dead confirm0027" x="1260" y="1497" width="420" height="499"/>
	<SubTexture name="BF Dead confirm0028" x="1260" y="1497" width="420" height="499"/>
	<SubTexture name="BF Dead confirm0029" x="1260" y="1497" width="420" height="499"/>
	<SubTexture name="BF Dead confirm0030" x="1260" y="1497" width="420" height="499"/>
	<SubTexture name="BF Dead confirm0031" x="1260" y="1497" width="420" height="499"/>
	<SubTexture name="BF Dead confirm0032" x="1260" y="1497" width="420" height="499"/>
	<SubTexture name="BF Dead confirm0033" x="1260" y="1497" width="420" height="499"/>
	<SubTexture name="BF HEY!!0000" x="1680" y="1497" width="382" height="431" pivotX="-71.25" pivotY="22.25"/>
	<SubTexture name="BF HEY!!0001" x="1680" y="1497" width="382" height="431"/>
	<SubTexture name="BF HEY!!0002" x="2062" y="1497" width="382" height="431"/>
	<SubTexture name="BF HEY!!0003" x="2062" y="1497" width="382" height="431"/>
	<SubTexture name="BF HEY!!0004" x="2444" y="1497" width="382" height="431"/>
	<SubTexture name="BF HEY!!0005" x="2444" y="1497" width="382" height="431"/>
	<SubTexture name="BF HEY!!0006" x="2444" y="1497" width="382" height="431"/>
	<SubTexture name="BF HEY!!0007" x="2444" y="1497" width="382" height="431"/>
	<SubTexture name="BF HEY!!0008" x="2444" y="1497" width="382" height="431"/>
	<SubTexture name="BF NOTE DOWN0000" x="2826" y="1497" width="417" height="374" pivotX="-50.5" pivotY="-37.45"/>
	<SubTexture name="BF NOTE DOWN0001" x="2826" y="1497" width="417" height="374"/>
	<SubTexture name="BF NOTE DOWN0002" x="3243" y="1497" width="417" height="374"/>
	<SubTexture name="BF NOTE DOWN0003" x="3243" y="1497" width="417" height="374"/>
	<SubTexture name="BF NOTE DOWN0004" x="3243" y="1497" width="417" height="374"/>
	<SubTexture name="BF NOTE DOWN0005" x="3243" y="1497" width="417" height="374"/>
	<SubTexture name="BF NOTE DOWN DODGE0000" x="3660" y="1497" width="414" height="420" pivotX="-63.35" pivotY="1.2"/>
	<SubTexture name="BF NOTE DOWN DODGE0001" x="3660" y="1497" width="414" height="420"/>
	<SubTexture name="BF NOTE DOWN DODGE0002" x="0" y="1996" width="414" height="420"/>
	<SubTexture name="BF NOTE DOWN DODGE0003" x="0" y="1996" width="414" height="420"/>
	<SubTexture name="BF NOTE DOWN DODGE0004" x="0" y="1996" width="414" height="420"/>
	<SubTexture name="BF NOTE DOWN DODGE0005" x="0" y="1996" width="414" height="420"/>
	<SubTexture name="BF NOTE DOWN DODGE0006" x="0" y="1996" width="414" height="420"/>
	<SubTexture name="BF NOTE DOWN DODGE0007" x="0" y="1996" width="414" height="420"/>
	<SubTexture name="BF NOTE DOWN DODGE0008" x="0" y="1996" width="414" height="420"/>
	<SubTexture name="BF NOTE DOWN DODGE0009" x="0" y="1996" width="414" height="420"/>
	<SubTexture name="BF NOTE DOWN DODGE0010" x="0" y="1996" width="414" height="420"/>
	<SubTexture name="BF NOTE DOWN DODGE0011" x="0" y="1996" width="414" height="420"/>
	<SubTexture name="BF NOTE DOWN DODGE0012" x="0" y="1996" width="414" height="420"/>
	<SubTexture name="BF NOTE DOWN DODGE0013" x="0" y="1996" width="414" height="420"/>
	<SubTexture name="BF NOTE DOWN DODGE0014" x="0" y="1996" width="414" height="420"/>
	<SubTexture name="BF NOTE DOWN MISS0000" x="414" y="1996" width="419" height="373" pivotX="-51.35" pivotY="-39.85"/>
	<SubTexture name="BF NOTE DOWN MISS0001" x="414" y="1996" width="419" height="373"/>
	<SubTexture name="BF NOTE DOWN MISS0002" x="833" y="1996" width="419" height="373"/>
	<SubTexture name="BF NOTE DOWN MISS0003" x="833" y="1996" width="419" height="373"/>
	<SubTexture name="BF NOTE DOWN MISS0004" x="1252" y="1996" width="419" height="373"/>
	<SubTexture name="BF NOTE DOWN MISS0005" x="1252" y="1996" width="419" height="373"/>
	<SubTexture name="BF NOTE DOWN MISS0006" x="1252" y="1996" width="419" height="373"/>
	<SubTexture name="BF NOTE DOWN MISS0007" x="1252" y="1996" width="419" height="373"/>
	<SubTexture name="BF NOTE DOWN MISS0008" x="1252" y="1996" width="419" height="373"/>
	<SubTexture name="BF NOTE DOWN MISS0009" x="1252" y="1996" width="419" height="373"/>
	<SubTexture name="BF NOTE DOWN MISS0010" x="1252" y="1996" width="419" height="373"/>
	<SubTexture name="BF NOTE DOWN MISS0011" x="1252" y="1996" width="419" height="373"/>
	<SubTexture name="BF NOTE DOWN MISS0012" x="1252" y="1996" width="419" height="373"/>
	<SubTexture name="BF NOTE DOWN MISS0013" x="1252" y="1996" width="419" height="373"/>
	<SubTexture name="BF NOTE DOWN MISS0014" x="1252" y="1996" width="419" height="373"/>
	<SubTexture name="BF NOTE DOWN MISS0015" x="1252" y="1996" width="419" height="373"/>
	<SubTexture name="BF NOTE DOWN MISS0016" x="1252" y="1996" width="419" height="373"/>
	<SubTexture name="BF NOTE DOWN MISS0017" x="1252" y="1996" width="419" height="373"/>
	<SubTexture name="BF NOTE DOWN MISS0018" x="1252" y="1996" width="419" height="373"/>
	<SubTexture name="BF NOTE DOWN MISS0019" x="1252" y="1996" width="419" height="373"/>
	<SubTexture name="BF NOTE DOWN MISS0020" x="1252" y="1996" width="419" height="373"/>
	<SubTexture name="BF NOTE DOWN MISS0021" x="1252" y="1996" width="419" height="373"/>
	<SubTexture name="BF NOTE DOWN MISS0022" x="1252" y="1996" width="419" height="373"/>
	<SubTexture name="BF NOTE DOWN MISS0023" x="1252" y="1996" width="419" height="373"/>
	<SubTexture name="BF NOTE LEFT0000" x="1671" y="1996" width="418" height="414" pivotX="-28.15" pivotY="5.4"/>
	<SubTexture name="BF NOTE LEFT0001" x="1671" y="1996" width="418" height="414"/>
	<SubTexture name="BF NOTE LEFT0002" x="2089" y="1996" width="418" height="414"/>
	<SubTexture name="BF NOTE LEFT0003" x="2089" y="1996" width="418" height="414"/>
	<SubTexture name="BF NOTE LEFT0004" x="2089" y="1996" width="418" height="414"/>
	<SubTexture name="BF NOTE LEFT0005" x="2089" y="1996" width="418" height="414"/>
	<SubTexture name="BF NOTE LEFT DODGE0000" x="2507" y="1996" width="494" height="392" pivotX="-16.3" pivotY="-21.9"/>
	<SubTexture name="BF NOTE LEFT DODGE0001" x="2507" y="1996" width="494" height="392"/>
	<SubTexture name="BF NOTE LEFT DODGE0002" x="3001" y="1996" width="494" height="392"/>
	<SubTexture name="BF NOTE LEFT DODGE0003" x="3001" y="1996" width="494" height="392"/>
	<SubTexture name="BF NOTE LEFT DODGE0004" x="3001" y="1996" width="494" height="392"/>
	<SubTexture name="BF NOTE LEFT DODGE0005" x="3001" y="1996" width="494" height="392"/>
	<SubTexture name="BF NOTE LEFT DODGE0006" x="3001" y="1996" width="494" height="392"/>
	<SubTexture name="BF NOTE LEFT DODGE0007" x="3001" y="1996" width="494" height="392"/>
	<SubTexture name="BF NOTE LEFT DODGE0008" x="3001" y="1996" width="494" height="392"/>
	<SubTexture name="BF NOTE LEFT DODGE0009" x="3001" y="1996" width="494" height="392"/>
	<SubTexture name="BF NOTE LEFT DODGE0010" x="3001" y="1996" width="494" height="392"/>
	<SubTexture name="BF NOTE LEFT DODGE0011" x="3001" y="1996" width="494" height="392"/>
	<SubTexture name="BF NOTE LEFT DODGE0012" x="3001" y="1996" width="494" height="392"/>
	<SubTexture name="BF NOTE LEFT DODGE0013" x="3001" y="1996" width="494" height="392"/>
	<SubTexture name="BF NOTE LEFT DODGE0014" x="3001" y="1996" width="494" height="392"/>
	<SubTexture name="BF NOTE LEFT MISS0000" x="3495" y="1996" width="424" height="418" pivotX="-24.85" pivotY="5.35"/>
	<SubTexture name="BF NOTE LEFT MISS0001" x="3495" y="1996" width="424" height="418"/>
	<SubTexture name="BF NOTE LEFT MISS0002" x="0" y="2416" width="424" height="418"/>
	<SubTexture name="BF NOTE LEFT MISS0003" x="0" y="2416" width="424" height="418"/>
	<SubTexture name="BF NOTE LEFT MISS0004" x="424" y="2416" width="424" height="418"/>
	<SubTexture name="BF NOTE LEFT MISS0005" x="424" y="2416" width="424" height="418"/>
	<SubTexture name="BF NOTE LEFT MISS0006" x="424" y="2416" width="424" height="418"/>
	<SubTexture name="BF NOTE LEFT MISS0007" x="424" y="2416" width="424" height="418"/>
	<SubTexture name="BF NOTE LEFT MISS0008" x="424" y="2416" width="424" height="418"/>
	<SubTexture name="BF NOTE LEFT MISS0009" x="424" y="2416" width="424" height="418"/>
	<SubTexture name="BF NOTE LEFT MISS0010" x="424" y="2416" width="424" height="418"/>
	<SubTexture name="BF NOTE LEFT MISS0011" x="424" y="2416" width="424" height="418"/>
	<SubTexture name="BF NOTE LEFT MISS0012" x="424" y="2416" width="424" height="418"/>
	<SubTexture name="BF NOTE LEFT MISS0013" x="424" y="2416" width="424" height="418"/>
	<SubTexture name="BF NOTE LEFT MISS0014" x="424" y="2416" width="424" height="418"/>
	<SubTexture name="BF NOTE LEFT MISS0015" x="424" y="2416" width="424" height="418"/>
	<SubTexture name="BF NOTE LEFT MISS0016" x="424" y="2416" width="424" height="418"/>
	<SubTexture name="BF NOTE LEFT MISS0017" x="424" y="2416" width="424" height="418"/>
	<SubTexture name="BF NOTE LEFT MISS0018" x="424" y="2416" width="424" height="418"/>
	<SubTexture name="BF NOTE LEFT MISS0019" x="424" y="2416" width="424" height="418"/>
	<SubTexture name="BF NOTE LEFT MISS0020" x="424" y="2416" width="424" height="418"/>
	<SubTexture name="BF NOTE LEFT MISS0021" x="424" y="2416" width="424" height="418"/>
	<SubTexture name="BF NOTE LEFT MISS0022" x="424" y="2416" width="424" height="418"/>
	<SubTexture name="BF NOTE LEFT MISS0023" x="424" y="2416" width="424" height="418"/>
	<SubTexture name="BF NOTE RIGHT0000" x="848" y="2416" width="452" height="407" pivotX="-27.95" pivotY="-1.2"/>
	<SubTexture name="BF NOTE RIGHT0001" x="848" y="2416" width="452" height="407"/>
	<SubTexture name="BF NOTE RIGHT0002" x="1300" y="2416" width="452" height="407"/>
	<SubTexture name="BF NOTE RIGHT0003" x="1300" y="2416" width="452" height="407"/>
	<SubTexture name="BF NOTE RIGHT0004" x="1300" y="2416" width="452" height="407"/>
	<SubTexture name="BF NOTE RIGHT0005" x="1300" y="2416" width="452" height="407"/>
	<SubTexture name="BF NOTE RIGHT0006" x="1300" y="2416" width="452" height="407"/>
	<SubTexture name="BF NOTE RIGHT DODGE0000" x="1752" y="2416" width="517" height="389" pivotX="-33.2" pivotY="-1.25"/>
	<SubTexture name="BF NOTE RIGHT DODGE0001" x="1752" y="2416" width="517" height="389"/>
	<SubTexture name="BF NOTE RIGHT DODGE0002" x="2269" y="2416" width="517" height="389"/>
	<SubTexture name="BF NOTE RIGHT DODGE0003" x="2269" y="2416" width="517" height="389"/>
	<SubTexture name="BF NOTE RIGHT DODGE0004" x="2269" y="2416" width="517" height="389"/>
	<SubTexture name="BF NOTE RIGHT DODGE0005" x="2269" y="2416" width="517" height="389"/>
	<SubTexture name="BF NOTE RIGHT DODGE0006" x="2269" y="2416" width="517" height="389"/>
	<SubTexture name="BF NOTE RIGHT DODGE0007" x="2269" y="2416" width="517" height="389"/>
	<SubTexture name="BF NOTE RIGHT DODGE0008" x="2269" y="2416" width="517" height="389"/>
	<SubTexture name="BF NOTE RIGHT DODGE0009" x="2269" y="2416" width="517" height="389"/>
	<SubTexture name="BF NOTE RIGHT DODGE0010" x="2269" y="2416" width="517" height="389"/>
	<SubTexture name="BF NOTE RIGHT DODGE0011" x="2269" y="2416" width="517" height="389"/>
	<SubTexture name="BF NOTE RIGHT DODGE0012" x="2269" y="2416" width="517" height="389"/>
	<SubTexture name="BF NOTE RIGHT DODGE0013" x="2269" y="2416" width="517" height="389"/>
	<SubTexture name="BF NOTE RIGHT MISS0000" x="2786" y="2416" width="457" height="411" pivotX="-33.35" pivotY="-1.85"/>
	<SubTexture name="BF NOTE RIGHT MISS0001" x="2786" y="2416" width="457" height="411"/>
	<SubTexture name="BF NOTE RIGHT MISS0002" x="3243" y="2416" width="457" height="411"/>
	<SubTexture name="BF NOTE RIGHT MISS0003" x="3243" y="2416" width="457" height="411"/>
	<SubTexture name="BF NOTE RIGHT MISS0004" x="0" y="2834" width="457" height="411"/>
	<SubTexture name="BF NOTE RIGHT MISS0005" x="0" y="2834" width="457" height="411"/>
	<SubTexture name="BF NOTE RIGHT MISS0006" x="0" y="2834" width="457" height="411"/>
	<SubTexture name="BF NOTE RIGHT MISS0007" x="0" y="2834" width="457" height="411"/>
	<SubTexture name="BF NOTE RIGHT MISS0008" x="0" y="2834" width="457" height="411"/>
	<SubTexture name="BF NOTE RIGHT MISS0009" x="0" y="2834" width="457" height="411"/>
	<SubTexture name="BF NOTE RIGHT MISS0010" x="0" y="2834" width="457" height="411"/>
	<SubTexture name="BF NOTE RIGHT MISS0011" x="0" y="2834" width="457" height="411"/>
	<SubTexture name="BF NOTE RIGHT MISS0012" x="0" y="2834" width="457" height="411"/>
	<SubTexture name="BF NOTE RIGHT MISS0013" x="0" y="2834" width="457" height="411"/>
	<SubTexture name="BF NOTE RIGHT MISS0014" x="0" y="2834" width="457" height="411"/>
	<SubTexture name="BF NOTE RIGHT MISS0015" x="0" y="2834" width="457" height="411"/>
	<SubTexture name="BF NOTE RIGHT MISS0016" x="0" y="2834" width="457" height="411"/>
	<SubTexture name="BF NOTE RIGHT MISS0017" x="0" y="2834" width="457" height="411"/>
	<SubTexture name="BF NOTE RIGHT MISS0018" x="0" y="2834" width="457" height="411"/>
	<SubTexture name="BF NOTE RIGHT MISS0019" x="0" y="2834" width="457" height="411"/>
	<SubTexture name="BF NOTE RIGHT MISS0020" x="0" y="2834" width="457" height="411"/>
	<SubTexture name="BF NOTE RIGHT MISS0021" x="0" y="2834" width="457" height="411"/>
	<SubTexture name="BF NOTE RIGHT MISS0022" x="0" y="2834" width="457" height="411"/>
	<SubTexture name="BF NOTE RIGHT MISS0023" x="0" y="2834" width="457" height="411"/>
	<SubTexture name="BF NOTE UP0000" x="457" y="2834" width="428" height="451" pivotX="-67.05" pivotY="39.65"/>
	<SubTexture name="BF NOTE UP0001" x="457" y="2834" width="428" height="451"/>
	<SubTexture name="BF NOTE UP0002" x="885" y="2834" width="428" height="451"/>
	<SubTexture name="BF NOTE UP0003" x="885" y="2834" width="428" height="451"/>
	<SubTexture name="BF NOTE UP0004" x="885" y="2834" width="428" height="451"/>
	<SubTexture name="BF NOTE UP0005" x="885" y="2834" width="428" height="451"/>
	<SubTexture name="BF NOTE UP0006" x="885" y="2834" width="428" height="451"/>
	<SubTexture name="BF NOTE UP0007" x="885" y="2834" width="428" height="451"/>
	<SubTexture name="BF NOTE UP0008" x="885" y="2834" width="428" height="451"/>
	<SubTexture name="BF NOTE UP0009" x="885" y="2834" width="428" height="451"/>
	<SubTexture name="BF NOTE UP DODGE0000" x="1313" y="2834" width="540" height="447" pivotX="-35.15" pivotY="17.1"/>
	<SubTexture name="BF NOTE UP DODGE0001" x="1313" y="2834" width="540" height="447"/>
	<SubTexture name="BF NOTE UP DODGE0002" x="1853" y="2834" width="540" height="447"/>
	<SubTexture name="BF NOTE UP DODGE0003" x="1853" y="2834" width="540" height="447"/>
	<SubTexture name="BF NOTE UP DODGE0004" x="1853" y="2834" width="540" height="447"/>
	<SubTexture name="BF NOTE UP DODGE0005" x="1853" y="2834" width="540" height="447"/>
	<SubTexture name="BF NOTE UP DODGE0006" x="1853" y="2834" width="540" height="447"/>
	<SubTexture name="BF NOTE UP DODGE0007" x="1853" y="2834" width="540" height="447"/>
	<SubTexture name="BF NOTE UP DODGE0008" x="1853" y="2834" width="540" height="447"/>
	<SubTexture name="BF NOTE UP DODGE0009" x="1853" y="2834" width="540" height="447"/>
	<SubTexture name="BF NOTE UP DODGE0010" x="1853" y="2834" width="540" height="447"/>
	<SubTexture name="BF NOTE UP DODGE0011" x="1853" y="2834" width="540" height="447"/>
	<SubTexture name="BF NOTE UP DODGE0012" x="1853" y="2834" width="540" height="447"/>
	<SubTexture name="BF NOTE UP DODGE0013" x="1853" y="2834" width="540" height="447"/>
	<SubTexture name="BF NOTE UP MISS0000" x="2393" y="2834" width="419" height="455" pivotX="-71.55" pivotY="43.8"/>
	<SubTexture name="BF NOTE UP MISS0001" x="2393" y="2834" width="419" height="455"/>
	<SubTexture name="BF NOTE UP MISS0002" x="2812" y="2834" width="419" height="455"/>
	<SubTexture name="BF NOTE UP MISS0003" x="2812" y="2834" width="419" height="455"/>
	<SubTexture name="BF NOTE UP MISS0004" x="3231" y="2834" width="419" height="455"/>
	<SubTexture name="BF NOTE UP MISS0005" x="3231" y="2834" width="419" height="455"/>
	<SubTexture name="BF NOTE UP MISS0006" x="3231" y="2834" width="419" height="455"/>
	<SubTexture name="BF NOTE UP MISS0007" x="3231" y="2834" width="419" height="455"/>
	<SubTexture name="BF NOTE UP MISS0008" x="3231" y="2834" width="419" height="455"/>
	<SubTexture name="BF NOTE UP MISS0009" x="3231" y="2834" width="419" height="455"/>
	<SubTexture name="BF NOTE UP MISS0010" x="3231" y="2834" width="419" height="455"/>
	<SubTexture name="BF NOTE UP MISS0011" x="3231" y="2834" width="419" height="455"/>
	<SubTexture name="BF NOTE UP MISS0012" x="3231" y="2834" width="419" height="455"/>
	<SubTexture name="BF NOTE UP MISS0013" x="3231" y="2834" width="419" height="455"/>
	<SubTexture name="BF NOTE UP MISS0014" x="3231" y="2834" width="419" height="455"/>
	<SubTexture name="BF NOTE UP MISS0015" x="3231" y="2834" width="419" height="455"/>
	<SubTexture name="BF NOTE UP MISS0016" x="3231" y="2834" width="419" height="455"/>
	<SubTexture name="BF NOTE UP MISS0017" x="3231" y="2834" width="419" height="455"/>
	<SubTexture name="BF NOTE UP MISS0018" x="3231" y="2834" width="419" height="455"/>
	<SubTexture name="BF NOTE UP MISS0019" x="3231" y="2834" width="419" height="455"/>
	<SubTexture name="BF NOTE UP MISS0020" x="3231" y="2834" width="419" height="455"/>
	<SubTexture name="BF NOTE UP MISS0021" x="3231" y="2834" width="419" height="455"/>
	<SubTexture name="BF NOTE UP MISS0022" x="3231" y="2834" width="419" height="455"/>
	<SubTexture name="BF NOTE UP MISS0023" x="3231" y="2834" width="419" height="455"/>
	<SubTexture name="BF dies0000" x="3650" y="2834" width="424" height="434" pivotX="-69.8" pivotY="-1000.75"/>
	<SubTexture name="BF dies0001" x="0" y="3289" width="424" height="434"/>
	<SubTexture name="BF dies0002" x="424" y="3289" width="424" height="434"/>
	<SubTexture name="BF dies0003" x="848" y="3289" width="424" height="434"/>
	<SubTexture name="BF dies0004" x="1272" y="3289" width="424" height="434"/>
	<SubTexture name="BF dies0005" x="1696" y="3289" width="424" height="434"/>
	<SubTexture name="BF dies0006" x="2120" y="3289" width="424" height="434"/>
	<SubTexture name="BF dies0007" x="2120" y="3289" width="424" height="434"/>
	<SubTexture name="BF dies0008" x="2120" y="3289" width="424" height="434"/>
	<SubTexture name="BF dies0009" x="2120" y="3289" width="424" height="434"/>
	<SubTexture name="BF dies0010" x="2120" y="3289" width="424" height="434"/>
	<SubTexture name="BF dies0011" x="2120" y="3289" width="424" height="434"/>
	<SubTexture name="BF dies0012" x="2120" y="3289" width="424" height="434"/>
	<SubTexture name="BF dies0013" x="2120" y="3289" width="424" height="434"/>
	<SubTexture name="BF dies0014" x="2120" y="3289" width="424" height="434"/>
	<SubTexture name="BF dies0015" x="2544" y="3289" width="424" height="434"/>
	<SubTexture name="BF dies0016" x="2544" y="3289" width="424" height="434"/>
	<SubTexture name="BF dies0017" x="2544" y="3289" width="424" height="434"/>
	<SubTexture name="BF dies0018" x="2968" y="3289" width="424" height="434"/>
	<SubTexture name="BF dies0019" x="2968" y="3289" width="424" height="434"/>
	<SubTexture name="BF dies0020" x="3392" y="3289" width="424" height="434"/>
	<SubTexture name="BF dies0021" x="3392" y="3289" width="424" height="434"/>
	<SubTexture name="BF dies0022" x="0" y="3723" width="424" height="434"/>
	<SubTexture name="BF dies0023" x="0" y="3723" width="424" height="434"/>
	<SubTexture name="BF dies0024" x="424" y="3723" width="424" height="434"/>
	<SubTexture name="BF dies0025" x="848" y="3723" width="424" height="434"/>
	<SubTexture name="BF dies0026" x="848" y="3723" width="424" height="434"/>
	<SubTexture name="BF dies0027" x="1272" y="3723" width="424" height="434"/>
	<SubTexture name="BF dies0028" x="1272" y="3723" width="424" height="434"/>
	<SubTexture name="BF dies0029" x="1696" y="3723" width="424" height="434"/>
	<SubTexture name="BF dies0030" x="1696" y="3723" width="424" height="434"/>
	<SubTexture name="BF dies0031" x="2120" y="3723" width="424" height="434"/>
	<SubTexture name="BF dies0032" x="2120" y="3723" width="424" height="434"/>
	<SubTexture name="BF dies0033" x="2120" y="3723" width="424" height="434"/>
	<SubTexture name="BF dies0034" x="2120" y="3723" width="424" height="434"/>
	<SubTexture name="BF dies0035" x="2544" y="3723" width="424" height="434"/>
	<SubTexture name="BF dies0036" x="2968" y="3723" width="424" height="434"/>
	<SubTexture name="BF dies0037" x="3392" y="3723" width="424" height="434"/>
	<SubTexture name="BF dies0038" x="0" y="4157" width="424" height="434"/>
	<SubTexture name="BF dies0039" x="424" y="4157" width="424" height="434"/>
	<SubTexture name="BF dies0040" x="848" y="4157" width="424" height="434"/>
	<SubTexture name="BF dies0041" x="1272" y="4157" width="424" height="434"/>
	<SubTexture name="BF dies0042" x="1696" y="4157" width="424" height="434"/>
	<SubTexture name="BF dies0043" x="2120" y="4157" width="424" height="434"/>
	<SubTexture name="BF dies0044" x="2544" y="4157" width="424" height="434"/>
	<SubTexture name="BF dies0045" x="2968" y="4157" width="424" height="434"/>
	<SubTexture name="BF dies0046" x="3392" y="4157" width="424" height="434"/>
	<SubTexture name="BF dies0047" x="0" y="4591" width="424" height="434"/>
	<SubTexture name="BF dies0048" x="424" y="4591" width="424" height="434"/>
	<SubTexture name="BF dies0049" x="848" y="4591" width="424" height="434"/>
	<SubTexture name="BF dies0050" x="1272" y="4591" width="424" height="434"/>
	<SubTexture name="BF dies0051" x="1696" y="4591" width="424" height="434"/>
	<SubTexture name="BF dies0052" x="2120" y="4591" width="424" height="434"/>
	<SubTexture name="BF dies0053" x="2544" y="4591" width="424" height="434"/>
	<SubTexture name="BF dies0054" x="2544" y="4591" width="424" height="434"/>
	<SubTexture name="BF dies0055" x="2544" y="4591" width="424" height="434"/>
	<SubTexture name="BF dies0056" x="2544" y="4591" width="424" height="434"/>
	<SubTexture name="BF dies0057" x="2544" y="4591" width="424" height="434"/>
	<SubTexture name="BF idle dance0000" x="2968" y="4591" width="456" height="409" pivotX="0.35" pivotY="0"/>
	<SubTexture name="BF idle dance0001" x="2968" y="4591" width="456" height="409"/>
	<SubTexture name="BF idle dance0002" x="3424" y="4591" width="456" height="409"/>
	<SubTexture name="BF idle dance0003" x="3424" y="4591" width="456" height="409"/>
	<SubTexture name="BF idle dance0004" x="0" y="5025" width="456" height="409"/>
	<SubTexture name="BF idle dance0005" x="0" y="5025" width="456" height="409"/>
	<SubTexture name="BF idle dance0006" x="456" y="5025" width="456" height="409"/>
	<SubTexture name="BF idle dance0007" x="456" y="5025" width="456" height="409"/>
	<SubTexture name="BF idle dance0008" x="912" y="5025" width="456" height="409"/>
	<SubTexture name="BF idle dance0009" x="912" y="5025" width="456" height="409"/>
	<SubTexture name="BF idle dance0010" x="912" y="5025" width="456" height="409"/>
	<SubTexture name="BF idle dance0011" x="912" y="5025" width="456" height="409"/>
	<SubTexture name="BF idle dance0012" x="912" y="5025" width="456" height="409"/>
	<SubTexture name="BF idle dance0013" x="912" y="5025" width="456" height="409"/>
	<SubTexture name="BF idle shaking0000" x="1368" y="5025" width="449" height="412" pivotX="0" pivotY="1.8"/>
	<SubTexture name="BF idle shaking0001" x="1817" y="5025" width="449" height="412"/>
	<SubTexture name="BF idle shaking0002" x="2266" y="5025" width="449" height="412"/>
	<SubTexture name="BF idle shaking0003" x="2715" y="5025" width="449" height="412"/>
</TextureAtlas>
