<?xml version='1.0' encoding='utf-8'?>
<TextureAtlas imagePath="DsidesBf.png">
<SubTexture name="Bf idle0000" x="3697" y="0" width="622" height="725" frameX="-568" frameY="-220" frameWidth="1920" frameHeight="1080" />
<SubTexture name="Bf idle0001" x="3099" y="0" width="598" height="732" frameX="-605" frameY="-213" frameWidth="1920" frameHeight="1080" />
<SubTexture name="Bf idle0002" x="2264" y="2288" width="582" height="736" frameX="-624" frameY="-209" frameWidth="1920" frameHeight="1080" />
<SubTexture name="Bf idle0003" x="0" y="2288" width="560" height="742" frameX="-639" frameY="-203" frameWidth="1920" frameHeight="1080" />
<SubTexture name="Bf idle0004" x="1365" y="1540" width="555" height="745" frameX="-640" frameY="-200" frameWidth="1920" frameHeight="1080" />
<SubTexture name="Bf left0000" x="1688" y="2288" width="576" height="741" frameX="-581" frameY="-203" frameWidth="1920" frameHeight="1080" />
<SubTexture name="Bf left0001" x="1898" y="748" width="579" height="746" frameX="-584" frameY="-199" frameWidth="1920" frameHeight="1080" />
<SubTexture name="Bf left0002" x="560" y="2288" width="579" height="742" frameX="-620" frameY="-203" frameWidth="1920" frameHeight="1080" />
<SubTexture name="Bf down0000" x="3697" y="2122" width="598" height="680" frameX="-594" frameY="-262" frameWidth="1920" frameHeight="1080" />
<SubTexture name="Bf down0001" x="3697" y="1432" width="575" height="690" frameX="-606" frameY="-252" frameWidth="1920" frameHeight="1080" />
<SubTexture name="Bf down0002" x="3697" y="725" width="581" height="707" frameX="-601" frameY="-235" frameWidth="1920" frameHeight="1080" />
<SubTexture name="Bf up0000" x="0" y="787" width="601" height="753" frameX="-604" frameY="-176" frameWidth="1920" frameHeight="1080" />
<SubTexture name="Bf up0001" x="1920" y="1540" width="588" height="745" frameX="-610" frameY="-184" frameWidth="1920" frameHeight="1080" />
<SubTexture name="Bf up0002" x="3099" y="732" width="588" height="726" frameX="-611" frameY="-203" frameWidth="1920" frameHeight="1080" />
<SubTexture name="Bf right0000" x="2558" y="743" width="535" height="742" frameX="-695" frameY="-203" frameWidth="1920" frameHeight="1080" />
<SubTexture name="Bf right0001" x="2558" y="0" width="541" height="743" frameX="-695" frameY="-203" frameWidth="1920" frameHeight="1080" />
<SubTexture name="Bf right0002" x="1139" y="2288" width="549" height="742" frameX="-690" frameY="-203" frameWidth="1920" frameHeight="1080" />
<SubTexture name="Bf rmiss0000" x="601" y="787" width="583" height="753" frameX="-695" frameY="-192" frameWidth="1920" frameHeight="1080" />
<SubTexture name="Bf rmiss0001" x="1184" y="787" width="553" height="753" frameX="-690" frameY="-192" frameWidth="1920" frameHeight="1080" />
<SubTexture name="Bf umiss0000" x="612" y="0" width="667" height="778" frameX="-604" frameY="-151" frameWidth="1920" frameHeight="1080" />
<SubTexture name="Bf umiss0001" x="1898" y="0" width="660" height="748" frameX="-611" frameY="-181" frameWidth="1920" frameHeight="1080" />
<SubTexture name="Bf dmiss0000" x="1279" y="0" width="619" height="762" frameX="-594" frameY="-180" frameWidth="1920" frameHeight="1080" />
<SubTexture name="Bf dmiss0001" x="0" y="0" width="612" height="787" frameX="-601" frameY="-155" frameWidth="1920" frameHeight="1080" />
<SubTexture name="Bf lmiss0000" x="678" y="1540" width="687" height="747" frameX="-581" frameY="-197" frameWidth="1920" frameHeight="1080" />
<SubTexture name="Bf lmiss0001" x="0" y="1540" width="678" height="748" frameX="-620" frameY="-197" frameWidth="1920" frameHeight="1080" />
</TextureAtlas>
