﻿<?xml version="1.0" encoding="utf-8"?>
<TextureAtlas imagePath="purpleimpoopster.png">
	<!-- Created with Adobe Animate version 21.0.6.41649 -->
	<!-- http://www.adobe.com/products/animate.html -->
	<SubTexture name="Down0000" x="0" y="0" width="928" height="742" frameX="0" frameY="-18" frameWidth="928" frameHeight="760"/>
	<SubTexture name="Down0001" x="0" y="0" width="928" height="742" frameX="0" frameY="-18" frameWidth="928" frameHeight="760"/>
	<SubTexture name="Down0002" x="1028" y="0" width="899" height="737" frameX="-19" frameY="-4" frameWidth="928" frameHeight="760"/>
	<SubTexture name="Down0003" x="1028" y="0" width="899" height="737" frameX="-19" frameY="-4" frameWidth="928" frameHeight="760"/>
	<SubTexture name="Down0004" x="2027" y="0" width="895" height="740" frameX="-23" frameY="0" frameWidth="928" frameHeight="760"/>
	<SubTexture name="Down0005" x="2027" y="0" width="895" height="740" frameX="-23" frameY="0" frameWidth="928" frameHeight="760"/>
	<SubTexture name="Down0006" x="3022" y="0" width="895" height="739" frameX="-23" frameY="0" frameWidth="928" frameHeight="760"/>
	<SubTexture name="Down0007" x="3022" y="0" width="895" height="739" frameX="-23" frameY="0" frameWidth="928" frameHeight="760"/>
	<SubTexture name="Down0008" x="4017" y="0" width="892" height="735" frameX="-24" frameY="-2" frameWidth="928" frameHeight="760"/>
	<SubTexture name="Down0009" x="4017" y="0" width="892" height="735" frameX="-24" frameY="-2" frameWidth="928" frameHeight="760"/>
	<SubTexture name="Down0010" x="4017" y="0" width="892" height="735" frameX="-24" frameY="-2" frameWidth="928" frameHeight="760"/>
	<SubTexture name="Down0011" x="4017" y="0" width="892" height="735" frameX="-24" frameY="-2" frameWidth="928" frameHeight="760"/>
	<SubTexture name="Down0012" x="4017" y="0" width="892" height="735" frameX="-24" frameY="-2" frameWidth="928" frameHeight="760"/>
	<SubTexture name="Down0013" x="4017" y="0" width="892" height="735" frameX="-24" frameY="-2" frameWidth="928" frameHeight="760"/>
	<SubTexture name="Down0014" x="4017" y="0" width="892" height="735" frameX="-24" frameY="-2" frameWidth="928" frameHeight="760"/>
	<SubTexture name="Down0015" x="4017" y="0" width="892" height="735" frameX="-24" frameY="-2" frameWidth="928" frameHeight="760"/>
	<SubTexture name="Down0016" x="4017" y="0" width="892" height="735" frameX="-24" frameY="-2" frameWidth="928" frameHeight="760"/>
	<SubTexture name="Down0017" x="4017" y="0" width="892" height="735" frameX="-24" frameY="-2" frameWidth="928" frameHeight="760"/>
	<SubTexture name="Down0018" x="4017" y="0" width="892" height="735" frameX="-24" frameY="-2" frameWidth="928" frameHeight="760"/>
	<SubTexture name="Down0019" x="4017" y="0" width="892" height="735" frameX="-24" frameY="-2" frameWidth="928" frameHeight="760"/>
	<SubTexture name="Down0020" x="4017" y="0" width="892" height="735" frameX="-24" frameY="-2" frameWidth="928" frameHeight="760"/>
	<SubTexture name="Down0021" x="4017" y="0" width="892" height="735" frameX="-24" frameY="-2" frameWidth="928" frameHeight="760"/>
	<SubTexture name="Down0022" x="4017" y="0" width="892" height="735" frameX="-24" frameY="-2" frameWidth="928" frameHeight="760"/>
	<SubTexture name="Down0023" x="4017" y="0" width="892" height="735" frameX="-24" frameY="-2" frameWidth="928" frameHeight="760"/>
	<SubTexture name="Down0024" x="4017" y="0" width="892" height="735" frameX="-24" frameY="-2" frameWidth="928" frameHeight="760"/>
	<SubTexture name="Down0025" x="4017" y="0" width="892" height="735" frameX="-24" frameY="-2" frameWidth="928" frameHeight="760"/>
	<SubTexture name="Down0026" x="4017" y="0" width="892" height="735" frameX="-24" frameY="-2" frameWidth="928" frameHeight="760"/>
	<SubTexture name="Down0027" x="4017" y="0" width="892" height="735" frameX="-24" frameY="-2" frameWidth="928" frameHeight="760"/>
	<SubTexture name="Down0028" x="4017" y="0" width="892" height="735" frameX="-24" frameY="-2" frameWidth="928" frameHeight="760"/>
	<SubTexture name="Down0029" x="4017" y="0" width="892" height="735" frameX="-24" frameY="-2" frameWidth="928" frameHeight="760"/>
	<SubTexture name="Idle0000" x="5009" y="0" width="711" height="815" frameX="-15" frameY="-15" frameWidth="757" frameHeight="830"/>
	<SubTexture name="Idle0001" x="5009" y="0" width="711" height="815" frameX="-15" frameY="-15" frameWidth="757" frameHeight="830"/>
	<SubTexture name="Idle0002" x="5820" y="0" width="667" height="825" frameX="-13" frameY="-5" frameWidth="757" frameHeight="830"/>
	<SubTexture name="Idle0003" x="5820" y="0" width="667" height="825" frameX="-13" frameY="-5" frameWidth="757" frameHeight="830"/>
	<SubTexture name="Idle0004" x="6587" y="0" width="708" height="828" frameX="-8" frameY="-2" frameWidth="757" frameHeight="830"/>
	<SubTexture name="Idle0005" x="6587" y="0" width="708" height="828" frameX="-8" frameY="-2" frameWidth="757" frameHeight="830"/>
	<SubTexture name="Idle0006" x="7395" y="0" width="754" height="830" frameX="-2" frameY="0" frameWidth="757" frameHeight="830"/>
	<SubTexture name="Idle0007" x="7395" y="0" width="754" height="830" frameX="-2" frameY="0" frameWidth="757" frameHeight="830"/>
	<SubTexture name="Idle0008" x="0" y="930" width="757" height="830"/>
	<SubTexture name="Idle0009" x="0" y="930" width="757" height="830"/>
	<SubTexture name="Idle0010" x="0" y="930" width="757" height="830"/>
	<SubTexture name="Idle0011" x="0" y="930" width="757" height="830"/>
	<SubTexture name="Idle0012" x="0" y="930" width="757" height="830"/>
	<SubTexture name="Idle0013" x="0" y="930" width="757" height="830"/>
	<SubTexture name="Idle0014" x="0" y="930" width="757" height="830"/>
	<SubTexture name="Idle0015" x="0" y="930" width="757" height="830"/>
	<SubTexture name="Idle0016" x="0" y="930" width="757" height="830"/>
	<SubTexture name="Idle0017" x="0" y="930" width="757" height="830"/>
	<SubTexture name="Idle0018" x="0" y="930" width="757" height="830"/>
	<SubTexture name="Idle0019" x="0" y="930" width="757" height="830"/>
	<SubTexture name="Idle0020" x="0" y="930" width="757" height="830"/>
	<SubTexture name="Idle0021" x="0" y="930" width="757" height="830"/>
	<SubTexture name="Idle0022" x="0" y="930" width="757" height="830"/>
	<SubTexture name="Idle0023" x="0" y="930" width="757" height="830"/>
	<SubTexture name="Idle0024" x="0" y="930" width="757" height="830"/>
	<SubTexture name="Idle0025" x="0" y="930" width="757" height="830"/>
	<SubTexture name="Idle0026" x="0" y="930" width="757" height="830"/>
	<SubTexture name="Idle0027" x="0" y="930" width="757" height="830"/>
	<SubTexture name="Idle0028" x="0" y="930" width="757" height="830"/>
	<SubTexture name="Idle0029" x="0" y="930" width="757" height="830"/>
	<SubTexture name="Left0000" x="857" y="930" width="787" height="681" frameX="0" frameY="0" frameWidth="807" frameHeight="681"/>
	<SubTexture name="Left0001" x="857" y="930" width="787" height="681" frameX="0" frameY="0" frameWidth="807" frameHeight="681"/>
	<SubTexture name="Left0002" x="1744" y="930" width="776" height="681" frameX="-26" frameY="0" frameWidth="807" frameHeight="681"/>
	<SubTexture name="Left0003" x="1744" y="930" width="776" height="681" frameX="-26" frameY="0" frameWidth="807" frameHeight="681"/>
	<SubTexture name="Left0004" x="2620" y="930" width="774" height="681" frameX="-33" frameY="0" frameWidth="807" frameHeight="681"/>
	<SubTexture name="Left0005" x="2620" y="930" width="774" height="681" frameX="-33" frameY="0" frameWidth="807" frameHeight="681"/>
	<SubTexture name="Left0006" x="3494" y="930" width="775" height="681" frameX="-32" frameY="0" frameWidth="807" frameHeight="681"/>
	<SubTexture name="Left0007" x="3494" y="930" width="775" height="681" frameX="-32" frameY="0" frameWidth="807" frameHeight="681"/>
	<SubTexture name="Left0008" x="4369" y="930" width="773" height="681" frameX="-32" frameY="0" frameWidth="807" frameHeight="681"/>
	<SubTexture name="Left0009" x="4369" y="930" width="773" height="681" frameX="-32" frameY="0" frameWidth="807" frameHeight="681"/>
	<SubTexture name="Left0010" x="4369" y="930" width="773" height="681" frameX="-32" frameY="0" frameWidth="807" frameHeight="681"/>
	<SubTexture name="Left0011" x="4369" y="930" width="773" height="681" frameX="-32" frameY="0" frameWidth="807" frameHeight="681"/>
	<SubTexture name="Left0012" x="4369" y="930" width="773" height="681" frameX="-32" frameY="0" frameWidth="807" frameHeight="681"/>
	<SubTexture name="Left0013" x="4369" y="930" width="773" height="681" frameX="-32" frameY="0" frameWidth="807" frameHeight="681"/>
	<SubTexture name="Left0014" x="4369" y="930" width="773" height="681" frameX="-32" frameY="0" frameWidth="807" frameHeight="681"/>
	<SubTexture name="Left0015" x="4369" y="930" width="773" height="681" frameX="-32" frameY="0" frameWidth="807" frameHeight="681"/>
	<SubTexture name="Left0016" x="4369" y="930" width="773" height="681" frameX="-32" frameY="0" frameWidth="807" frameHeight="681"/>
	<SubTexture name="Left0017" x="4369" y="930" width="773" height="681" frameX="-32" frameY="0" frameWidth="807" frameHeight="681"/>
	<SubTexture name="Left0018" x="4369" y="930" width="773" height="681" frameX="-32" frameY="0" frameWidth="807" frameHeight="681"/>
	<SubTexture name="Left0019" x="4369" y="930" width="773" height="681" frameX="-32" frameY="0" frameWidth="807" frameHeight="681"/>
	<SubTexture name="Left0020" x="4369" y="930" width="773" height="681" frameX="-32" frameY="0" frameWidth="807" frameHeight="681"/>
	<SubTexture name="Left0021" x="4369" y="930" width="773" height="681" frameX="-32" frameY="0" frameWidth="807" frameHeight="681"/>
	<SubTexture name="Left0022" x="4369" y="930" width="773" height="681" frameX="-32" frameY="0" frameWidth="807" frameHeight="681"/>
	<SubTexture name="Left0023" x="4369" y="930" width="773" height="681" frameX="-32" frameY="0" frameWidth="807" frameHeight="681"/>
	<SubTexture name="Left0024" x="4369" y="930" width="773" height="681" frameX="-32" frameY="0" frameWidth="807" frameHeight="681"/>
	<SubTexture name="Left0025" x="4369" y="930" width="773" height="681" frameX="-32" frameY="0" frameWidth="807" frameHeight="681"/>
	<SubTexture name="Left0026" x="4369" y="930" width="773" height="681" frameX="-32" frameY="0" frameWidth="807" frameHeight="681"/>
	<SubTexture name="Left0027" x="4369" y="930" width="773" height="681" frameX="-32" frameY="0" frameWidth="807" frameHeight="681"/>
	<SubTexture name="Left0028" x="4369" y="930" width="773" height="681" frameX="-32" frameY="0" frameWidth="807" frameHeight="681"/>
	<SubTexture name="Left0029" x="4369" y="930" width="773" height="681" frameX="-32" frameY="0" frameWidth="807" frameHeight="681"/>
	<SubTexture name="Right0000" x="5242" y="930" width="1376" height="693"/>
	<SubTexture name="Right0001" x="5242" y="930" width="1376" height="693"/>
	<SubTexture name="Right0002" x="6718" y="930" width="1345" height="693" frameX="-2" frameY="0" frameWidth="1376" frameHeight="693"/>
	<SubTexture name="Right0003" x="6718" y="930" width="1345" height="693" frameX="-2" frameY="0" frameWidth="1376" frameHeight="693"/>
	<SubTexture name="Right0004" x="0" y="1860" width="1337" height="693" frameX="0" frameY="0" frameWidth="1376" frameHeight="693"/>
	<SubTexture name="Right0005" x="0" y="1860" width="1337" height="693" frameX="0" frameY="0" frameWidth="1376" frameHeight="693"/>
	<SubTexture name="Right0006" x="1437" y="1860" width="1337" height="693" frameX="-1" frameY="0" frameWidth="1376" frameHeight="693"/>
	<SubTexture name="Right0007" x="1437" y="1860" width="1337" height="693" frameX="-1" frameY="0" frameWidth="1376" frameHeight="693"/>
	<SubTexture name="Right0008" x="2874" y="1860" width="1337" height="693" frameX="-3" frameY="0" frameWidth="1376" frameHeight="693"/>
	<SubTexture name="Right0009" x="2874" y="1860" width="1337" height="693" frameX="-3" frameY="0" frameWidth="1376" frameHeight="693"/>
	<SubTexture name="Right0010" x="2874" y="1860" width="1337" height="693" frameX="-3" frameY="0" frameWidth="1376" frameHeight="693"/>
	<SubTexture name="Right0011" x="2874" y="1860" width="1337" height="693" frameX="-3" frameY="0" frameWidth="1376" frameHeight="693"/>
	<SubTexture name="Right0012" x="2874" y="1860" width="1337" height="693" frameX="-3" frameY="0" frameWidth="1376" frameHeight="693"/>
	<SubTexture name="Right0013" x="2874" y="1860" width="1337" height="693" frameX="-3" frameY="0" frameWidth="1376" frameHeight="693"/>
	<SubTexture name="Right0014" x="2874" y="1860" width="1337" height="693" frameX="-3" frameY="0" frameWidth="1376" frameHeight="693"/>
	<SubTexture name="Right0015" x="2874" y="1860" width="1337" height="693" frameX="-3" frameY="0" frameWidth="1376" frameHeight="693"/>
	<SubTexture name="Right0016" x="2874" y="1860" width="1337" height="693" frameX="-3" frameY="0" frameWidth="1376" frameHeight="693"/>
	<SubTexture name="Right0017" x="2874" y="1860" width="1337" height="693" frameX="-3" frameY="0" frameWidth="1376" frameHeight="693"/>
	<SubTexture name="Right0018" x="2874" y="1860" width="1337" height="693" frameX="-3" frameY="0" frameWidth="1376" frameHeight="693"/>
	<SubTexture name="Right0019" x="2874" y="1860" width="1337" height="693" frameX="-3" frameY="0" frameWidth="1376" frameHeight="693"/>
	<SubTexture name="Right0020" x="2874" y="1860" width="1337" height="693" frameX="-3" frameY="0" frameWidth="1376" frameHeight="693"/>
	<SubTexture name="Right0021" x="2874" y="1860" width="1337" height="693" frameX="-3" frameY="0" frameWidth="1376" frameHeight="693"/>
	<SubTexture name="Right0022" x="2874" y="1860" width="1337" height="693" frameX="-3" frameY="0" frameWidth="1376" frameHeight="693"/>
	<SubTexture name="Right0023" x="2874" y="1860" width="1337" height="693" frameX="-3" frameY="0" frameWidth="1376" frameHeight="693"/>
	<SubTexture name="Right0024" x="2874" y="1860" width="1337" height="693" frameX="-3" frameY="0" frameWidth="1376" frameHeight="693"/>
	<SubTexture name="Right0025" x="2874" y="1860" width="1337" height="693" frameX="-3" frameY="0" frameWidth="1376" frameHeight="693"/>
	<SubTexture name="Right0026" x="2874" y="1860" width="1337" height="693" frameX="-3" frameY="0" frameWidth="1376" frameHeight="693"/>
	<SubTexture name="Right0027" x="2874" y="1860" width="1337" height="693" frameX="-3" frameY="0" frameWidth="1376" frameHeight="693"/>
	<SubTexture name="Right0028" x="2874" y="1860" width="1337" height="693" frameX="-3" frameY="0" frameWidth="1376" frameHeight="693"/>
	<SubTexture name="Right0029" x="2874" y="1860" width="1337" height="693" frameX="-3" frameY="0" frameWidth="1376" frameHeight="693"/>
	<SubTexture name="Up0000" x="4311" y="1860" width="995" height="799" frameX="-10" frameY="0" frameWidth="1005" frameHeight="800"/>
	<SubTexture name="Up0001" x="4311" y="1860" width="995" height="799" frameX="-10" frameY="0" frameWidth="1005" frameHeight="800"/>
	<SubTexture name="Up0002" x="5406" y="1860" width="980" height="778" frameX="-5" frameY="-21" frameWidth="1005" frameHeight="800"/>
	<SubTexture name="Up0003" x="5406" y="1860" width="980" height="778" frameX="-5" frameY="-21" frameWidth="1005" frameHeight="800"/>
	<SubTexture name="Up0004" x="6486" y="1860" width="983" height="772" frameX="0" frameY="-27" frameWidth="1005" frameHeight="800"/>
	<SubTexture name="Up0005" x="6486" y="1860" width="983" height="772" frameX="0" frameY="-27" frameWidth="1005" frameHeight="800"/>
	<SubTexture name="Up0006" x="0" y="2759" width="981" height="772" frameX="-1" frameY="-27" frameWidth="1005" frameHeight="800"/>
	<SubTexture name="Up0007" x="0" y="2759" width="981" height="772" frameX="-1" frameY="-27" frameWidth="1005" frameHeight="800"/>
	<SubTexture name="Up0008" x="1081" y="2759" width="976" height="774" frameX="-5" frameY="-26" frameWidth="1005" frameHeight="800"/>
	<SubTexture name="Up0009" x="1081" y="2759" width="976" height="774" frameX="-5" frameY="-26" frameWidth="1005" frameHeight="800"/>
	<SubTexture name="Up0010" x="1081" y="2759" width="976" height="774" frameX="-5" frameY="-26" frameWidth="1005" frameHeight="800"/>
	<SubTexture name="Up0011" x="1081" y="2759" width="976" height="774" frameX="-5" frameY="-26" frameWidth="1005" frameHeight="800"/>
	<SubTexture name="Up0012" x="1081" y="2759" width="976" height="774" frameX="-5" frameY="-26" frameWidth="1005" frameHeight="800"/>
	<SubTexture name="Up0013" x="1081" y="2759" width="976" height="774" frameX="-5" frameY="-26" frameWidth="1005" frameHeight="800"/>
	<SubTexture name="Up0014" x="1081" y="2759" width="976" height="774" frameX="-5" frameY="-26" frameWidth="1005" frameHeight="800"/>
	<SubTexture name="Up0015" x="1081" y="2759" width="976" height="774" frameX="-5" frameY="-26" frameWidth="1005" frameHeight="800"/>
	<SubTexture name="Up0016" x="1081" y="2759" width="976" height="774" frameX="-5" frameY="-26" frameWidth="1005" frameHeight="800"/>
	<SubTexture name="Up0017" x="1081" y="2759" width="976" height="774" frameX="-5" frameY="-26" frameWidth="1005" frameHeight="800"/>
	<SubTexture name="Up0018" x="1081" y="2759" width="976" height="774" frameX="-5" frameY="-26" frameWidth="1005" frameHeight="800"/>
	<SubTexture name="Up0019" x="1081" y="2759" width="976" height="774" frameX="-5" frameY="-26" frameWidth="1005" frameHeight="800"/>
	<SubTexture name="Up0020" x="1081" y="2759" width="976" height="774" frameX="-5" frameY="-26" frameWidth="1005" frameHeight="800"/>
	<SubTexture name="Up0021" x="1081" y="2759" width="976" height="774" frameX="-5" frameY="-26" frameWidth="1005" frameHeight="800"/>
	<SubTexture name="Up0022" x="1081" y="2759" width="976" height="774" frameX="-5" frameY="-26" frameWidth="1005" frameHeight="800"/>
	<SubTexture name="Up0023" x="1081" y="2759" width="976" height="774" frameX="-5" frameY="-26" frameWidth="1005" frameHeight="800"/>
	<SubTexture name="Up0024" x="1081" y="2759" width="976" height="774" frameX="-5" frameY="-26" frameWidth="1005" frameHeight="800"/>
	<SubTexture name="Up0025" x="1081" y="2759" width="976" height="774" frameX="-5" frameY="-26" frameWidth="1005" frameHeight="800"/>
	<SubTexture name="Up0026" x="1081" y="2759" width="976" height="774" frameX="-5" frameY="-26" frameWidth="1005" frameHeight="800"/>
	<SubTexture name="Up0027" x="1081" y="2759" width="976" height="774" frameX="-5" frameY="-26" frameWidth="1005" frameHeight="800"/>
	<SubTexture name="Up0028" x="1081" y="2759" width="976" height="774" frameX="-5" frameY="-26" frameWidth="1005" frameHeight="800"/>
	<SubTexture name="Up0029" x="1081" y="2759" width="976" height="774" frameX="-5" frameY="-26" frameWidth="1005" frameHeight="800"/>
</TextureAtlas>
