{
	"animations": [
		{
			"loop": false,
			"offsets": [
				-5,
				0
			],
			"anim": "idle",
			"fps": 24,
			"name": "BF idle dance",
			"indices": []
		},
		{
			"loop": false,
			"offsets": [
				-32,
				6
			],
			"anim": "singLEFT",
			"fps": 24,
			"name": "BF NOTE LEFT0",
			"indices": []
		},
		{
			"loop": false,
			"offsets": [
				-52,
				-34
			],
			"anim": "singDOWN",
			"fps": 24,
			"name": "BF NOTE DOWN0",
			"indices": []
		},
		{
			"loop": false,
			"offsets": [
				-72,
				40
			],
			"anim": "singUP",
			"fps": 24,
			"name": "BF NOTE UP0",
			"indices": []
		},
		{
			"loop": false,
			"offsets": [
				-22,
				-3
			],
			"anim": "singRIGHT",
			"fps": 24,
			"name": "BF NOTE RIGHT0",
			"indices": []
		},
		{
			"loop": false,
			"offsets": [
				-22,
				8
			],
			"anim": "singLEFTmiss",
			"fps": 24,
			"name": "BF NOTE LEFT MISS",
			"indices": []
		},
		{
			"loop": false,
			"offsets": [
				-57,
				-41
			],
			"anim": "singDOWNmiss",
			"fps": 24,
			"name": "BF NOTE DOWN MISS",
			"indices": []
		},
		{
			"loop": false,
			"offsets": [
				-72,
				42
			],
			"anim": "singUPmiss",
			"fps": 24,
			"name": "BF NOTE UP MISS",
			"indices": []
		},
		{
			"loop": false,
			"offsets": [
				-18,
				5
			],
			"anim": "singRIGHTmiss",
			"fps": 24,
			"name": "BF NOTE RIGHT MISS",
			"indices": []
		},
		{
			"loop": false,
			"offsets": [
				-77,
				21
			],
			"anim": "hey",
			"fps": 24,
			"name": "BF HEY",
			"indices": []
		},
		{
			"loop": true,
			"offsets": [
				-3,
				1
			],
			"anim": "scared",
			"fps": 24,
			"name": "BF idle shaking",
			"indices": []
		},
		{
			"loop": false,
			"offsets": [
				-13,
				-20
			],
			"anim": "firstDeath",
			"fps": 24,
			"name": "BF dies",
			"indices": []
		},
		{
			"loop": true,
			"offsets": [
				-12,
				-20
			],
			"anim": "deathLoop",
			"fps": 24,
			"name": "BF Dead Loop",
			"indices": []
		},
		{
			"loop": false,
			"offsets": [
				-12,
				46
			],
			"anim": "deathConfirm",
			"fps": 24,
			"name": "BF Dead confirm",
			"indices": []
		},
		{
			"offsets": [
				-90,
				-10
			],
			"loop": false,
			"fps": 24,
			"anim": "Dodge down",
			"indices": [],
			"name": "BF NOTE DOWN DODGE"
		},
		{
			"offsets": [
				-20,
				-30
			],
			"loop": false,
			"fps": 24,
			"anim": "Dodge left",
			"indices": [],
			"name": "BF NOTE LEFT DODGE"
		},
		{
			"offsets": [
				-67,
				28
			],
			"loop": false,
			"fps": 24,
			"anim": "Dodge up",
			"indices": [],
			"name": "BF NOTE UP DODGE"
		},
		{
			"offsets": [
				-47,
				-22
			],
			"loop": false,
			"fps": 24,
			"anim": "Dodge right",
			"indices": [],
			"name": "BF NOTE RIGHT DODGE"
		}
	],
	"no_antialiasing": false,
	"image": "characters/BOYFRIENDnity",
	"position": [
		0,
		350
	],
	"healthicon": "bfdside",
	"flip_x": true,
	"healthbar_colors": [
		228,
		85,
		216
	],
	"camera_position": [
		430,
		-140
	],
	"sing_duration": 4,
	"scale": 1
}