{
	"animations": [
		{
			"loop": false,
			"offsets": [
				0,
				0
			],
			"anim": "idle",
			"fps": 12,
			"name": "Bf idle",
			"indices": []
		},
		{
			"loop": false,
			"offsets": [
				0,
				0
			],
			"anim": "singLEFT",
			"fps": 12,
			"name": "Bf left",
			"indices": []
		},
		{
			"loop": false,
			"offsets": [
				0,
				0
			],
			"anim": "singDOWN",
			"fps": 12,
			"name": "Bf down",
			"indices": []
		},
		{
			"loop": false,
			"offsets": [
				0,
				0
			],
			"anim": "singUP",
			"fps": 12,
			"name": "Bf up",
			"indices": []
		},
		{
			"loop": false,
			"offsets": [
				0,
				0
			],
			"anim": "singRIGHT",
			"fps": 12,
			"name": "Bf right",
			"indices": []
		},
		{
			"loop": false,
			"offsets": [
				0,
				0
			],
			"anim": "singLEFTmiss",
			"fps": 12,
			"name": "Bf lmiss",
			"indices": []
		},
		{
			"loop": false,
			"offsets": [
				0,
				0
			],
			"anim": "singDOWNmiss",
			"fps": 12,
			"name": "Bf dmiss",
			"indices": []
		},
		{
			"loop": false,
			"offsets": [
				0,
				0
			],
			"anim": "singRIGHTmiss",
			"fps": 12,
			"name": "Bf rmiss",
			"indices": []
		},
		{
			"loop": false,
			"offsets": [
				0,
				0
			],
			"anim": "singUPmiss",
			"fps": 12,
			"name": "Bf umiss",
			"indices": []
		}
	],
	"no_antialiasing": false,
	"image": "characters/dsidesbf",
	"position": [
		-600,
		-40
	],
	"healthicon": "bfunderwater",
	"flip_x": true,
	"healthbar_colors": [
		28,
		47,
		122
	],
	"camera_position": [
		110,
		60
	],
	"sing_duration": 4,
	"scale": 0.7
}