{
	"song": {
		"player1": "bf",
		"sectionLengths": [],
		"events": [
			[
				0,
				[
					[
						"Change Scroll Speed",
						"0.4",
						"2"
					]
				]
			],
			[
				9642.85714285714,
				[
					[
						"Change Scroll Speed",
						"1.2",
						"1"
					]
				]
			],
			[
				19438.7755102041,
				[
					[
						"Change Scroll Speed",
						"0.5",
						"1"
					]
				]
			],
			[
				20816.3265306122,
				[
					[
						"Change Scroll Speed",
						"0.6",
						"0.1"
					]
				]
			],
			[
				21275.5102040816,
				[
					[
						"Change Scroll Speed",
						"0.7",
						"0.1"
					]
				]
			],
			[
				21658.1632653061,
				[
					[
						"Change Scroll Speed",
						"0.8",
						"0.1"
					]
				]
			],
			[
				22117.3469387755,
				[
					[
						"Change Scroll Speed",
						"0.9",
						"0.1"
					]
				]
			],
			[
				22576.5306122449,
				[
					[
						"Change Scroll Speed",
						"1",
						"0.1"
					]
				]
			],
			[
				23035.7142857143,
				[
					[
						"Change Scroll Speed",
						"1.1",
						"0.1"
					]
				]
			],
			[
				23418.3673469388,
				[
					[
						"Change Scroll Speed",
						"1.3",
						"0.1"
					]
				]
			],
			[
				44234.693877551,
				[
					[
						"Cinematics (With HUD)",
						"0.2",
						"90"
					]
				]
			],
			[
				63673.469387755,
				[
					[
						"Cinematics (With HUD)",
						"0.7",
						"140"
					]
				]
			],
			[
				63749.9999999999,
				[
					[
						"Fade UI",
						"1",
						"0.6"
					]
				]
			],
			[
				72857.1428571428,
				[
					[
						"Fade UI",
						"0",
						"0.4"
					]
				]
			],
			[
				82040.8163265306,
				[
					[
						"Cinematics (With HUD)",
						"1",
						"0"
					]
				]
			],
			[
				91836.7346938776,
				[
					[
						"Fade UI",
						"1",
						"0.3"
					]
				]
			],
			[
				92678.5714285715,
				[
					[
						"Fade UI",
						"0",
						"0.3"
					]
				]
			],
			[
				92984.6938775511,
				[
					[
						"Toggle Trail",
						"1",
						"1"
					]
				]
			],
			[
				93061.224489796,
				[
					[
						"Flashes Camera",
						"0.5",
						""
					]
				]
			],
			[
				102704.081632653,
				[
					[
						"Change Scroll Speed",
						"0.4",
						"1"
					]
				]
			],
			[
				104005.102040816,
				[
					[
						"Toggle Trail",
						"0",
						"0"
					]
				]
			],
			[
				104081.632653061,
				[
					[
						"Change Scroll Speed",
						"1",
						"0.1"
					]
				]
			],
			[
				104540.816326531,
				[
					[
						"Change Scroll Speed",
						"0.5",
						"0.1"
					]
				]
			],
			[
				105000,
				[
					[
						"Change Scroll Speed",
						"1",
						"0.1"
					]
				]
			],
			[
				105382.653061225,
				[
					[
						"Change Scroll Speed",
						"0.5",
						"0.1"
					]
				]
			],
			[
				105841.836734694,
				[
					[
						"Change Scroll Speed",
						"1",
						"0.1"
					]
				]
			],
			[
				106301.020408163,
				[
					[
						"Change Scroll Speed",
						"0.5",
						"0.1"
					]
				]
			],
			[
				106683.673469388,
				[
					[
						"Change Scroll Speed",
						"1.3",
						"0.1"
					]
				]
			],
			[
				110204.081632653,
				[
					[
						"Change Scroll Speed",
						"0.1",
						"0.3"
					]
				]
			],
			[
				110816.326530612,
				[
					[
						"Change Scroll Speed",
						"1.3",
						"0.1"
					]
				]
			],
			[
				111275.510204082,
				[
					[
						"Change Scroll Speed",
						"0.1",
						"0.1"
					]
				]
			],
			[
				111581.632653061,
				[
					[
						"Change Scroll Speed",
						"1.3",
						"0.1"
					]
				]
			],
			[
				120000,
				[
					[
						"Change Scroll Speed",
						"0.5",
						"0.1"
					]
				]
			],
			[
				120612.244897959,
				[
					[
						"Change Scroll Speed",
						"1.3",
						"0.1"
					]
				]
			],
			[
				121071.428571429,
				[
					[
						"Change Scroll Speed",
						"0.5",
						"0.1"
					]
				]
			],
			[
				121377.551020408,
				[
					[
						"Change Scroll Speed",
						"1.3",
						"0.1"
					]
				]
			],
			[
				146938.775510204,
				[
					[
						"Camera Switch",
						"5",
						"off"
					]
				]
			]
		],
		"gfVersion": "gf",
		"player2": "Shaggyhot",
		"notes": [
			{
				"typeOfSection": 0,
				"lengthInSteps": 16,
				"sectionNotes": [
					[
						0,
						2,
						0
					],
					[
						306.122448979592,
						1,
						0
					],
					[
						459.183673469388,
						2,
						306.122448979592
					],
					[
						918.367346938776,
						0,
						0
					],
					[
						76.530612244898,
						0,
						0
					]
				],
				"mustHitSection": false
			},
			{
				"typeOfSection": 0,
				"lengthInSteps": 16,
				"sectionNotes": [
					[
						1224.48979591837,
						1,
						0
					],
					[
						1377.55102040816,
						3,
						0
					],
					[
						1530.61224489796,
						0,
						0
					],
					[
						1683.67346938776,
						1,
						306.122448979592
					],
					[
						2142.85714285714,
						2,
						0
					],
					[
						2295.91836734694,
						0,
						0
					]
				],
				"mustHitSection": false
			},
			{
				"typeOfSection": 0,
				"lengthInSteps": 16,
				"sectionNotes": [
					[
						2448.97959183673,
						1,
						0
					],
					[
						2602.04081632653,
						2,
						0
					],
					[
						3061.22448979592,
						0,
						0
					],
					[
						3137.75510204082,
						2,
						0
					],
					[
						3214.28571428571,
						3,
						0
					],
					[
						2908.16326530612,
						3,
						0
					],
					[
						3367.34693877551,
						0,
						0
					],
					[
						3520.40816326531,
						3,
						0
					]
				],
				"mustHitSection": false
			},
			{
				"typeOfSection": 0,
				"lengthInSteps": 16,
				"sectionNotes": [
					[
						3673.4693877551,
						0,
						0
					],
					[
						3979.59183673469,
						3,
						0
					],
					[
						4132.65306122449,
						0,
						0
					],
					[
						4209.18367346939,
						1,
						0
					],
					[
						4285.71428571429,
						2,
						0
					],
					[
						4438.77551020408,
						0,
						0
					],
					[
						4591.83673469388,
						1,
						0
					]
				],
				"mustHitSection": false
			},
			{
				"typeOfSection": 0,
				"lengthInSteps": 16,
				"sectionNotes": [
					[
						4897.95918367347,
						1,
						0
					],
					[
						5051.02040816326,
						0,
						0
					],
					[
						5204.08163265306,
						1,
						0
					],
					[
						5357.14285714286,
						0,
						306.122448979592
					],
					[
						5816.32653061224,
						1,
						0
					]
				],
				"mustHitSection": false
			},
			{
				"typeOfSection": 0,
				"lengthInSteps": 16,
				"sectionNotes": [
					[
						6122.44897959184,
						1,
						0
					],
					[
						6275.51020408163,
						2,
						0
					],
					[
						6428.57142857143,
						1,
						0
					],
					[
						6581.63265306122,
						0,
						306.122448979592
					],
					[
						7040.81632653061,
						3,
						0
					],
					[
						7193.87755102041,
						1,
						0
					]
				],
				"mustHitSection": false
			},
			{
				"typeOfSection": 0,
				"lengthInSteps": 16,
				"sectionNotes": [
					[
						7346.9387755102,
						0,
						0
					],
					[
						7500,
						1,
						0
					],
					[
						7653.0612244898,
						2,
						0
					],
					[
						7729.59183673469,
						1,
						0
					],
					[
						7806.12244897959,
						0,
						0
					],
					[
						7959.18367346939,
						1,
						0
					],
					[
						8112.24489795918,
						0,
						0
					],
					[
						8265.30612244898,
						2,
						0
					],
					[
						8418.36734693878,
						0,
						0
					]
				],
				"mustHitSection": false
			},
			{
				"typeOfSection": 0,
				"lengthInSteps": 16,
				"sectionNotes": [
					[
						8571.42857142857,
						1,
						0
					],
					[
						8724.48979591837,
						2,
						0
					],
					[
						8877.55102040816,
						0,
						0
					],
					[
						9030.61224489796,
						3,
						0
					],
					[
						9183.67346938776,
						0,
						0
					],
					[
						9336.73469387755,
						3,
						0
					],
					[
						9489.79591836735,
						2,
						0
					],
					[
						9642.85714285714,
						1,
						1301.02040816327
					]
				],
				"mustHitSection": false
			},
			{
				"typeOfSection": 0,
				"lengthInSteps": 16,
				"sectionNotes": [
					[
						9795.91836734694,
						1,
						0
					],
					[
						9948.97959183674,
						0,
						0
					],
					[
						10102.0408163265,
						1,
						0
					],
					[
						10255.1020408163,
						2,
						306.122448979592
					],
					[
						10714.2857142857,
						1,
						0
					]
				],
				"mustHitSection": true
			},
			{
				"typeOfSection": 0,
				"lengthInSteps": 16,
				"sectionNotes": [
					[
						11020.4081632653,
						1,
						0
					],
					[
						11173.4693877551,
						3,
						0
					],
					[
						11326.5306122449,
						0,
						0
					],
					[
						11479.5918367347,
						1,
						306.122448979592
					],
					[
						11938.7755102041,
						3,
						0
					],
					[
						12091.8367346939,
						0,
						0
					]
				],
				"mustHitSection": true
			},
			{
				"typeOfSection": 0,
				"lengthInSteps": 16,
				"sectionNotes": [
					[
						12244.8979591837,
						1,
						0
					],
					[
						12397.9591836735,
						2,
						0
					],
					[
						12857.1428571429,
						1,
						0
					],
					[
						12933.6734693878,
						2,
						0
					],
					[
						13010.2040816327,
						3,
						0
					],
					[
						12704.0816326531,
						3,
						0
					],
					[
						13163.2653061225,
						0,
						0
					],
					[
						13316.3265306122,
						3,
						0
					]
				],
				"mustHitSection": true
			},
			{
				"typeOfSection": 0,
				"lengthInSteps": 16,
				"sectionNotes": [
					[
						13469.387755102,
						0,
						0
					],
					[
						13928.5714285714,
						0,
						0
					],
					[
						14005.1020408163,
						1,
						0
					],
					[
						14081.6326530612,
						3,
						0
					],
					[
						14234.693877551,
						0,
						0
					],
					[
						14387.7551020408,
						1,
						0
					],
					[
						14540.8163265306,
						3,
						0
					],
					[
						13775.5102040816,
						2,
						0
					],
					[
						13775.5102040816,
						1,
						0
					]
				],
				"mustHitSection": true
			},
			{
				"typeOfSection": 0,
				"lengthInSteps": 16,
				"sectionNotes": [
					[
						14693.8775510204,
						2,
						0
					],
					[
						14846.9387755102,
						0,
						0
					],
					[
						15000,
						1,
						0
					],
					[
						15153.0612244898,
						0,
						306.122448979592
					],
					[
						15612.2448979592,
						2,
						0
					]
				],
				"mustHitSection": true
			},
			{
				"typeOfSection": 0,
				"lengthInSteps": 16,
				"sectionNotes": [
					[
						15918.3673469388,
						1,
						0
					],
					[
						16071.4285714286,
						2,
						0
					],
					[
						16224.4897959184,
						3,
						0
					],
					[
						16377.5510204082,
						0,
						306.122448979592
					],
					[
						16836.7346938776,
						3,
						0
					],
					[
						16989.7959183673,
						1,
						0
					]
				],
				"mustHitSection": true
			},
			{
				"typeOfSection": 0,
				"lengthInSteps": 16,
				"sectionNotes": [
					[
						17142.8571428571,
						0,
						0
					],
					[
						17295.9183673469,
						1,
						0
					],
					[
						17448.9795918367,
						2,
						0
					],
					[
						17525.5102040816,
						1,
						0
					],
					[
						17602.0408163265,
						0,
						0
					],
					[
						17755.1020408163,
						3,
						0
					],
					[
						17908.1632653061,
						0,
						0
					],
					[
						18061.2244897959,
						1,
						0
					],
					[
						18214.2857142857,
						0,
						0
					]
				],
				"mustHitSection": true
			},
			{
				"typeOfSection": 0,
				"lengthInSteps": 16,
				"sectionNotes": [
					[
						18520.4081632653,
						6,
						0
					],
					[
						18673.4693877551,
						4,
						0
					],
					[
						18750,
						6,
						0
					],
					[
						18826.5306122449,
						7,
						0
					],
					[
						18979.5918367347,
						6,
						0
					],
					[
						19132.6530612245,
						5,
						0
					],
					[
						19285.7142857143,
						6,
						0
					],
					[
						19362.2448979592,
						5,
						0
					],
					[
						19438.7755102041,
						4,
						0
					],
					[
						19515.306122449,
						5,
						0
					],
					[
						18367.3469387755,
						0,
						0
					],
					[
						18520.4081632653,
						1,
						0
					],
					[
						18673.4693877551,
						0,
						0
					],
					[
						18750,
						2,
						0
					],
					[
						18826.5306122449,
						0,
						0
					],
					[
						18979.5918367347,
						1,
						0
					],
					[
						19132.6530612245,
						2,
						0
					],
					[
						19285.7142857143,
						1,
						0
					],
					[
						19438.7755102041,
						3,
						1301.02040816327
					]
				],
				"mustHitSection": false
			},
			{
				"typeOfSection": 0,
				"lengthInSteps": 16,
				"sectionNotes": [],
				"mustHitSection": false
			},
			{
				"typeOfSection": 0,
				"lengthInSteps": 16,
				"sectionNotes": [
					[
						20816.3265306122,
						2,
						0
					],
					[
						20969.387755102,
						0,
						0
					],
					[
						20816.3265306122,
						6,
						0
					],
					[
						21122.4489795918,
						4,
						0
					],
					[
						21275.5102040816,
						3,
						0
					],
					[
						21275.5102040816,
						7,
						0
					],
					[
						21581.6326530612,
						6,
						0
					],
					[
						21734.693877551,
						4,
						0
					],
					[
						21734.693877551,
						0,
						0
					],
					[
						21887.7551020408,
						2,
						0
					],
					[
						21581.6326530612,
						2,
						0
					]
				],
				"mustHitSection": true
			},
			{
				"typeOfSection": 0,
				"lengthInSteps": 16,
				"sectionNotes": [
					[
						22193.8775510204,
						0,
						0
					],
					[
						22040.8163265306,
						2,
						0
					],
					[
						22193.8775510204,
						4,
						0
					],
					[
						22500,
						1,
						0
					],
					[
						22653.0612244898,
						0,
						0
					],
					[
						22653.0612244898,
						5,
						0
					],
					[
						22806.1224489796,
						4,
						0
					],
					[
						22959.1836734694,
						1,
						0
					],
					[
						23112.2448979592,
						0,
						0
					],
					[
						23112.2448979592,
						4,
						0
					],
					[
						23112.2448979592,
						7,
						0
					]
				],
				"mustHitSection": false
			},
			{
				"typeOfSection": 0,
				"lengthInSteps": 16,
				"sectionNotes": [
					[
						23265.306122449,
						2,
						0
					],
					[
						23265.306122449,
						1,
						0
					],
					[
						23418.3673469388,
						0,
						0
					],
					[
						23418.3673469388,
						5,
						0
					],
					[
						23571.4285714286,
						6,
						0
					],
					[
						23724.4897959184,
						4,
						0
					],
					[
						23877.5510204082,
						5,
						0
					],
					[
						23954.0816326531,
						7,
						0
					],
					[
						24107.1428571428,
						7,
						0
					],
					[
						24183.6734693877,
						5,
						0
					],
					[
						24336.7346938775,
						4,
						0
					],
					[
						23877.5510204082,
						1,
						0
					],
					[
						23954.0816326531,
						0,
						0
					],
					[
						24107.1428571428,
						0,
						0
					],
					[
						24183.6734693877,
						1,
						0
					],
					[
						24336.7346938775,
						3,
						0
					]
				],
				"mustHitSection": true
			},
			{
				"typeOfSection": 0,
				"lengthInSteps": 16,
				"sectionNotes": [
					[
						24489.7959183673,
						3,
						0
					],
					[
						24642.8571428571,
						2,
						0
					],
					[
						24795.9183673469,
						0,
						0
					],
					[
						24948.9795918367,
						3,
						0
					],
					[
						25255.1020408163,
						1,
						0
					],
					[
						25408.1632653061,
						3,
						0
					],
					[
						25561.2244897959,
						0,
						0
					]
				],
				"mustHitSection": false
			},
			{
				"typeOfSection": 0,
				"lengthInSteps": 16,
				"sectionNotes": [
					[
						25714.2857142857,
						1,
						0
					],
					[
						26173.4693877551,
						2,
						0
					],
					[
						26326.5306122449,
						1,
						0
					],
					[
						26479.5918367347,
						0,
						0
					],
					[
						25867.3469387755,
						2,
						0
					],
					[
						26020.4081632653,
						0,
						0
					],
					[
						26632.6530612245,
						1,
						0
					],
					[
						26785.7142857143,
						2,
						0
					]
				],
				"mustHitSection": false
			},
			{
				"typeOfSection": 0,
				"lengthInSteps": 16,
				"sectionNotes": [
					[
						26938.7755102041,
						0,
						382.65306122449
					],
					[
						27551.0204081633,
						1,
						0
					],
					[
						27704.081632653,
						0,
						0
					],
					[
						27857.1428571428,
						1,
						0
					],
					[
						28010.2040816326,
						2,
						0
					]
				],
				"mustHitSection": false
			},
			{
				"typeOfSection": 0,
				"lengthInSteps": 16,
				"sectionNotes": [
					[
						28316.3265306122,
						0,
						0
					],
					[
						28622.4489795918,
						1,
						0
					],
					[
						28775.5102040816,
						2,
						0
					],
					[
						28852.0408163265,
						1,
						0
					],
					[
						28928.5714285714,
						0,
						0
					],
					[
						29081.6326530612,
						2,
						0
					],
					[
						29234.693877551,
						0,
						0
					]
				],
				"mustHitSection": false
			},
			{
				"typeOfSection": 0,
				"lengthInSteps": 16,
				"sectionNotes": [
					[
						29387.7551020408,
						1,
						0
					],
					[
						29540.8163265306,
						0,
						0
					],
					[
						29693.8775510204,
						2,
						0
					],
					[
						29846.9387755102,
						0,
						0
					],
					[
						30000,
						1,
						0
					],
					[
						30153.0612244898,
						2,
						0
					],
					[
						30306.1224489796,
						1,
						0
					],
					[
						30459.1836734694,
						3,
						0
					]
				],
				"mustHitSection": false
			},
			{
				"typeOfSection": 0,
				"lengthInSteps": 16,
				"sectionNotes": [
					[
						30612.2448979592,
						0,
						0
					],
					[
						30765.306122449,
						3,
						0
					],
					[
						30918.3673469388,
						0,
						0
					],
					[
						31071.4285714286,
						3,
						0
					],
					[
						31377.5510204081,
						0,
						0
					],
					[
						31224.4897959183,
						1,
						0
					],
					[
						31530.6122448979,
						1,
						0
					],
					[
						31683.6734693877,
						0,
						0
					]
				],
				"mustHitSection": false
			},
			{
				"typeOfSection": 0,
				"lengthInSteps": 16,
				"sectionNotes": [
					[
						31836.7346938775,
						3,
						688.775510204082
					],
					[
						32908.1632653061,
						0,
						306.122448979592
					],
					[
						32755.1020408163,
						1,
						0
					]
				],
				"mustHitSection": false
			},
			{
				"typeOfSection": 0,
				"lengthInSteps": 16,
				"sectionNotes": [
					[
						33367.3469387755,
						0,
						0
					],
					[
						33443.8775510204,
						2,
						0
					],
					[
						33520.4081632653,
						3,
						0
					],
					[
						33596.9387755102,
						2,
						0
					],
					[
						33673.4693877551,
						0,
						0
					],
					[
						33826.5306122449,
						1,
						0
					],
					[
						33979.5918367347,
						2,
						0
					],
					[
						34132.6530612245,
						3,
						0
					]
				],
				"mustHitSection": false
			},
			{
				"typeOfSection": 0,
				"lengthInSteps": 16,
				"sectionNotes": [
					[
						34285.7142857143,
						1,
						0
					],
					[
						34438.7755102041,
						2,
						0
					],
					[
						34591.8367346939,
						0,
						0
					],
					[
						34744.8979591837,
						3,
						0
					],
					[
						35051.0204081633,
						1,
						0
					],
					[
						35204.0816326531,
						3,
						0
					],
					[
						35357.1428571428,
						2,
						0
					]
				],
				"mustHitSection": true
			},
			{
				"typeOfSection": 0,
				"lengthInSteps": 16,
				"sectionNotes": [
					[
						35510.2040816326,
						1,
						0
					],
					[
						35969.387755102,
						2,
						0
					],
					[
						36122.4489795918,
						1,
						0
					],
					[
						36275.5102040816,
						0,
						0
					],
					[
						35663.2653061224,
						2,
						0
					],
					[
						35816.3265306122,
						0,
						0
					],
					[
						36428.5714285714,
						3,
						0
					],
					[
						36581.6326530612,
						2,
						0
					]
				],
				"mustHitSection": true
			},
			{
				"typeOfSection": 0,
				"lengthInSteps": 16,
				"sectionNotes": [
					[
						36734.693877551,
						3,
						229.591836734694
					],
					[
						37346.9387755102,
						1,
						0
					],
					[
						37500,
						0,
						0
					],
					[
						37653.0612244898,
						1,
						0
					],
					[
						37806.1224489796,
						2,
						0
					]
				],
				"mustHitSection": true
			},
			{
				"typeOfSection": 0,
				"lengthInSteps": 16,
				"sectionNotes": [
					[
						38112.2448979592,
						0,
						0
					],
					[
						38418.3673469388,
						1,
						0
					],
					[
						38571.4285714286,
						2,
						0
					],
					[
						38647.9591836735,
						1,
						0
					],
					[
						38724.4897959184,
						0,
						0
					],
					[
						38877.5510204082,
						2,
						0
					],
					[
						39030.6122448979,
						1,
						0
					]
				],
				"mustHitSection": true
			},
			{
				"typeOfSection": 0,
				"lengthInSteps": 16,
				"sectionNotes": [
					[
						39183.6734693877,
						1,
						0
					],
					[
						39336.7346938775,
						0,
						0
					],
					[
						39489.7959183673,
						2,
						0
					],
					[
						39642.8571428571,
						0,
						0
					],
					[
						39795.9183673469,
						3,
						0
					],
					[
						39948.9795918367,
						2,
						0
					],
					[
						40102.0408163265,
						0,
						0
					],
					[
						40255.1020408163,
						3,
						0
					]
				],
				"mustHitSection": true
			},
			{
				"typeOfSection": 0,
				"lengthInSteps": 16,
				"sectionNotes": [
					[
						40408.1632653061,
						0,
						0
					],
					[
						40561.2244897959,
						3,
						0
					],
					[
						40714.2857142857,
						0,
						0
					],
					[
						40867.3469387755,
						3,
						0
					],
					[
						41173.4693877551,
						0,
						0
					],
					[
						41020.4081632653,
						1,
						0
					],
					[
						41326.5306122449,
						3,
						0
					],
					[
						41479.5918367347,
						0,
						0
					]
				],
				"mustHitSection": true
			},
			{
				"typeOfSection": 0,
				"lengthInSteps": 16,
				"sectionNotes": [
					[
						41632.6530612245,
						3,
						688.775510204082
					],
					[
						42551.0204081632,
						1,
						0
					],
					[
						42704.081632653,
						0,
						306.122448979592
					]
				],
				"mustHitSection": true
			},
			{
				"typeOfSection": 0,
				"lengthInSteps": 16,
				"sectionNotes": [
					[
						43163.2653061224,
						0,
						0
					],
					[
						43239.7959183673,
						2,
						0
					],
					[
						43316.3265306122,
						3,
						0
					],
					[
						43392.8571428571,
						2,
						0
					],
					[
						43469.387755102,
						0,
						0
					],
					[
						43622.4489795918,
						1,
						0
					],
					[
						43775.5102040816,
						3,
						0
					],
					[
						43928.5714285714,
						2,
						0
					]
				],
				"mustHitSection": true
			},
			{
				"typeOfSection": 0,
				"lengthInSteps": 16,
				"sectionNotes": [
					[
						44234.693877551,
						2,
						0
					],
					[
						44387.7551020408,
						0,
						0
					],
					[
						44540.8163265306,
						2,
						0
					],
					[
						44693.8775510204,
						3,
						0
					],
					[
						45000,
						0,
						0
					],
					[
						44846.9387755102,
						2,
						0
					],
					[
						45153.0612244898,
						2,
						0
					]
				],
				"mustHitSection": false
			},
			{
				"typeOfSection": 0,
				"lengthInSteps": 16,
				"sectionNotes": [
					[
						45306.1224489795,
						0,
						0
					],
					[
						45459.1836734693,
						1,
						0
					],
					[
						45612.2448979591,
						2,
						0
					],
					[
						45765.3061224489,
						0,
						0
					],
					[
						46071.4285714285,
						0,
						0
					],
					[
						46147.9591836734,
						1,
						0
					],
					[
						46224.4897959183,
						2,
						0
					],
					[
						46377.5510204081,
						1,
						0
					]
				],
				"mustHitSection": false
			},
			{
				"typeOfSection": 0,
				"lengthInSteps": 16,
				"sectionNotes": [
					[
						46530.6122448979,
						0,
						0
					],
					[
						46683.6734693877,
						2,
						0
					],
					[
						46836.7346938775,
						0,
						0
					],
					[
						46989.7959183673,
						3,
						0
					],
					[
						47142.8571428571,
						2,
						0
					],
					[
						47295.9183673469,
						0,
						0
					],
					[
						47448.9795918367,
						1,
						0
					],
					[
						47602.0408163265,
						2,
						0
					]
				],
				"mustHitSection": false
			},
			{
				"typeOfSection": 0,
				"lengthInSteps": 16,
				"sectionNotes": [
					[
						47908.1632653061,
						0,
						0
					],
					[
						48061.2244897959,
						3,
						0
					],
					[
						48214.2857142857,
						2,
						0
					],
					[
						48367.3469387755,
						0,
						0
					],
					[
						48520.4081632653,
						3,
						0
					],
					[
						48673.4693877551,
						0,
						0
					],
					[
						48826.5306122449,
						1,
						0
					]
				],
				"mustHitSection": false
			},
			{
				"typeOfSection": 0,
				"lengthInSteps": 16,
				"sectionNotes": [
					[
						48979.5918367346,
						2,
						0
					],
					[
						49132.6530612244,
						0,
						0
					],
					[
						49438.775510204,
						1,
						306.122448979592
					],
					[
						49897.9591836734,
						3,
						0
					],
					[
						50051.0204081632,
						2,
						0
					]
				],
				"mustHitSection": false
			},
			{
				"typeOfSection": 0,
				"lengthInSteps": 16,
				"sectionNotes": [
					[
						50204.081632653,
						0,
						0
					],
					[
						50357.1428571428,
						3,
						0
					],
					[
						50663.2653061224,
						0,
						306.122448979592
					],
					[
						51122.4489795918,
						3,
						0
					],
					[
						51275.5102040816,
						2,
						0
					]
				],
				"mustHitSection": false
			},
			{
				"lengthInSteps": 16,
				"sectionNotes": [
					[
						51734.693877551,
						2,
						0
					],
					[
						51887.7551020408,
						3,
						0
					],
					[
						52040.8163265306,
						0,
						0
					],
					[
						52193.8775510204,
						1,
						0
					],
					[
						52346.9387755101,
						0,
						0
					],
					[
						52499.9999999999,
						1,
						0
					]
				],
				"typeOfSection": 0,
				"mustHitSection": false,
				"changeBPM": false,
				"bpm": 190
			},
			{
				"lengthInSteps": 16,
				"sectionNotes": [
					[
						52653.0612244897,
						2,
						0
					],
					[
						52806.1224489795,
						0,
						0
					],
					[
						52959.1836734693,
						3,
						0
					],
					[
						53112.2448979591,
						2,
						0
					],
					[
						53418.3673469387,
						0,
						0
					],
					[
						53571.4285714285,
						2,
						0
					],
					[
						53724.4897959183,
						0,
						0
					]
				],
				"typeOfSection": 0,
				"altAnim": false,
				"mustHitSection": false,
				"changeBPM": false,
				"bpm": 190
			},
			{
				"lengthInSteps": 16,
				"sectionNotes": [
					[
						53877.5510204081,
						6,
						1147.95918367347
					],
					[
						54030.6122448979,
						2,
						0
					],
					[
						54183.6734693877,
						0,
						0
					],
					[
						54336.7346938775,
						2,
						0
					],
					[
						54489.7959183673,
						1,
						0
					],
					[
						54795.9183673469,
						0,
						0
					],
					[
						54642.8571428571,
						2,
						0
					],
					[
						54948.9795918367,
						2,
						0
					]
				],
				"typeOfSection": 0,
				"altAnim": false,
				"mustHitSection": true,
				"changeBPM": false,
				"bpm": 190
			},
			{
				"lengthInSteps": 16,
				"sectionNotes": [
					[
						55102.0408163265,
						0,
						0
					],
					[
						55255.1020408163,
						1,
						0
					],
					[
						55408.1632653061,
						2,
						0
					],
					[
						55561.2244897959,
						0,
						0
					],
					[
						55867.3469387755,
						0,
						0
					],
					[
						55943.8775510204,
						1,
						0
					],
					[
						56020.4081632653,
						2,
						0
					],
					[
						56173.4693877551,
						1,
						0
					]
				],
				"typeOfSection": 0,
				"altAnim": false,
				"mustHitSection": true,
				"changeBPM": false,
				"bpm": 190
			},
			{
				"lengthInSteps": 16,
				"sectionNotes": [
					[
						56326.5306122449,
						0,
						0
					],
					[
						56479.5918367346,
						2,
						0
					],
					[
						56632.6530612244,
						0,
						0
					],
					[
						56785.7142857142,
						3,
						0
					],
					[
						56938.775510204,
						2,
						0
					],
					[
						57091.8367346938,
						0,
						0
					],
					[
						57244.8979591836,
						1,
						0
					],
					[
						57397.9591836734,
						2,
						0
					]
				],
				"typeOfSection": 0,
				"altAnim": false,
				"mustHitSection": true,
				"changeBPM": false,
				"bpm": 190
			},
			{
				"lengthInSteps": 16,
				"sectionNotes": [
					[
						57704.081632653,
						0,
						0
					],
					[
						57857.1428571428,
						1,
						0
					],
					[
						58010.2040816326,
						2,
						0
					],
					[
						58163.2653061224,
						0,
						0
					],
					[
						58316.3265306122,
						3,
						0
					],
					[
						58469.387755102,
						0,
						0
					],
					[
						58622.4489795918,
						1,
						0
					]
				],
				"typeOfSection": 0,
				"altAnim": false,
				"mustHitSection": true,
				"changeBPM": false,
				"bpm": 190
			},
			{
				"lengthInSteps": 16,
				"sectionNotes": [
					[
						58775.5102040816,
						2,
						0
					],
					[
						58928.5714285714,
						0,
						0
					],
					[
						59846.9387755102,
						2,
						0
					],
					[
						59693.8775510204,
						0,
						0
					],
					[
						59234.693877551,
						1,
						153.061224489796
					]
				],
				"typeOfSection": 0,
				"altAnim": false,
				"mustHitSection": true,
				"changeBPM": false,
				"bpm": 190
			},
			{
				"lengthInSteps": 16,
				"sectionNotes": [
					[
						59999.9999999999,
						0,
						0
					],
					[
						60153.0612244897,
						3,
						0
					],
					[
						60459.1836734693,
						0,
						306.122448979592
					],
					[
						60918.3673469387,
						3,
						0
					],
					[
						61071.4285714285,
						2,
						0
					]
				],
				"typeOfSection": 0,
				"altAnim": false,
				"mustHitSection": true,
				"changeBPM": false,
				"bpm": 190
			},
			{
				"lengthInSteps": 16,
				"sectionNotes": [
					[
						61530.6122448979,
						0,
						0
					],
					[
						61683.6734693877,
						3,
						0
					],
					[
						61836.7346938775,
						2,
						0
					],
					[
						61989.7959183673,
						1,
						0
					],
					[
						62142.8571428571,
						3,
						0
					],
					[
						62295.9183673469,
						1,
						0
					]
				],
				"typeOfSection": 0,
				"altAnim": false,
				"mustHitSection": true,
				"changeBPM": false,
				"bpm": 190
			},
			{
				"lengthInSteps": 16,
				"sectionNotes": [
					[
						62448.9795918367,
						2,
						0
					],
					[
						62602.0408163265,
						0,
						0
					],
					[
						62755.1020408163,
						1,
						0
					],
					[
						62908.1632653061,
						2,
						0
					],
					[
						63214.2857142857,
						0,
						0
					],
					[
						63367.3469387755,
						1,
						0
					],
					[
						63520.4081632653,
						3,
						0
					]
				],
				"typeOfSection": 0,
				"altAnim": false,
				"mustHitSection": true,
				"changeBPM": false,
				"bpm": 190
			},
			{
				"lengthInSteps": 16,
				"sectionNotes": [
					[
						63673.469387755,
						6,
						306.122448979592
					],
					[
						63673.469387755,
						0,
						0
					],
					[
						63826.5306122448,
						2,
						0
					],
					[
						63979.5918367346,
						0,
						0
					],
					[
						64132.6530612244,
						3,
						0
					],
					[
						64285.7142857142,
						0,
						0
					],
					[
						64438.775510204,
						3,
						0
					],
					[
						64591.8367346938,
						0,
						0
					],
					[
						64744.8979591836,
						3,
						0
					]
				],
				"typeOfSection": 0,
				"altAnim": false,
				"mustHitSection": false,
				"changeBPM": false,
				"bpm": 190
			},
			{
				"lengthInSteps": 16,
				"sectionNotes": [
					[
						64897.9591836734,
						0,
						0
					],
					[
						65051.0204081632,
						3,
						0
					],
					[
						65204.081632653,
						0,
						0
					],
					[
						65357.1428571428,
						1,
						0
					],
					[
						65510.2040816326,
						3,
						0
					],
					[
						65663.2653061224,
						0,
						0
					],
					[
						65816.3265306122,
						3,
						0
					],
					[
						65969.387755102,
						0,
						0
					]
				],
				"typeOfSection": 0,
				"altAnim": false,
				"mustHitSection": false,
				"changeBPM": false,
				"bpm": 190
			},
			{
				"lengthInSteps": 16,
				"sectionNotes": [
					[
						66275.5102040816,
						2,
						0
					],
					[
						66428.5714285713,
						3,
						0
					],
					[
						66581.6326530612,
						2,
						0
					],
					[
						66734.6938775509,
						0,
						0
					],
					[
						67040.8163265305,
						0,
						0
					],
					[
						66887.7551020407,
						1,
						0
					],
					[
						67193.8775510203,
						2,
						0
					]
				],
				"typeOfSection": 0,
				"altAnim": false,
				"mustHitSection": false,
				"changeBPM": false,
				"bpm": 190
			},
			{
				"lengthInSteps": 16,
				"sectionNotes": [
					[
						67499.9999999999,
						0,
						0
					],
					[
						67346.9387755101,
						3,
						0
					],
					[
						67806.1224489795,
						1,
						0
					],
					[
						68112.2448979591,
						3,
						153.061224489796
					],
					[
						68418.3673469387,
						2,
						0
					],
					[
						68494.8979591836,
						1,
						0
					]
				],
				"typeOfSection": 0,
				"altAnim": false,
				"mustHitSection": false,
				"changeBPM": false,
				"bpm": 190
			},
			{
				"lengthInSteps": 16,
				"sectionNotes": [
					[
						68571.4285714285,
						0,
						153.061224489796
					],
					[
						68877.5510204081,
						3,
						0
					],
					[
						69030.6122448979,
						0,
						0
					],
					[
						69183.6734693877,
						3,
						0
					],
					[
						69336.7346938775,
						0,
						0
					],
					[
						69489.7959183673,
						1,
						0
					],
					[
						69642.8571428571,
						3,
						0
					]
				],
				"typeOfSection": 0,
				"altAnim": false,
				"mustHitSection": false,
				"changeBPM": false,
				"bpm": 190
			},
			{
				"lengthInSteps": 16,
				"sectionNotes": [
					[
						69948.9795918367,
						0,
						153.061224489796
					],
					[
						70255.1020408163,
						1,
						0
					],
					[
						70408.1632653061,
						1,
						153.061224489796
					],
					[
						70714.2857142857,
						3,
						0
					],
					[
						70331.6326530612,
						3,
						0
					]
				],
				"typeOfSection": 0,
				"altAnim": false,
				"mustHitSection": false,
				"changeBPM": false,
				"bpm": 190
			},
			{
				"lengthInSteps": 16,
				"sectionNotes": [
					[
						71020.4081632653,
						0,
						0
					],
					[
						71173.469387755,
						3,
						0
					],
					[
						71326.5306122448,
						2,
						0
					],
					[
						71479.5918367346,
						0,
						0
					],
					[
						71632.6530612244,
						3,
						0
					],
					[
						71785.7142857142,
						0,
						0
					],
					[
						71938.775510204,
						1,
						0
					],
					[
						72091.8367346938,
						0,
						0
					]
				],
				"typeOfSection": 0,
				"altAnim": false,
				"mustHitSection": false,
				"changeBPM": false,
				"bpm": 190
			},
			{
				"lengthInSteps": 16,
				"sectionNotes": [
					[
						72244.8979591836,
						1,
						0
					],
					[
						72397.9591836734,
						0,
						0
					],
					[
						72551.0204081632,
						2,
						0
					],
					[
						72704.081632653,
						1,
						0
					],
					[
						72857.1428571428,
						0,
						0
					],
					[
						73010.2040816326,
						1,
						0
					],
					[
						73163.2653061224,
						0,
						0
					],
					[
						73316.3265306122,
						3,
						0
					]
				],
				"typeOfSection": 0,
				"altAnim": false,
				"mustHitSection": false,
				"changeBPM": false,
				"bpm": 190
			},
			{
				"lengthInSteps": 16,
				"sectionNotes": [
					[
						73469.387755102,
						5,
						2142.85714285714
					],
					[
						73469.387755102,
						0,
						0
					],
					[
						73622.4489795918,
						2,
						0
					],
					[
						73775.5102040816,
						1,
						0
					],
					[
						73928.5714285714,
						3,
						0
					],
					[
						74081.6326530612,
						0,
						0
					],
					[
						74234.6938775509,
						3,
						0
					],
					[
						74387.7551020407,
						0,
						0
					],
					[
						74540.8163265305,
						3,
						0
					]
				],
				"typeOfSection": 0,
				"altAnim": false,
				"mustHitSection": true,
				"changeBPM": false,
				"bpm": 190
			},
			{
				"lengthInSteps": 16,
				"sectionNotes": [
					[
						74693.8775510203,
						1,
						0
					],
					[
						74846.9387755101,
						3,
						0
					],
					[
						74999.9999999999,
						2,
						0
					],
					[
						75153.0612244897,
						1,
						0
					],
					[
						75306.1224489795,
						3,
						0
					],
					[
						75459.1836734693,
						0,
						0
					],
					[
						75612.2448979591,
						3,
						0
					],
					[
						75765.3061224489,
						1,
						0
					]
				],
				"typeOfSection": 0,
				"altAnim": false,
				"mustHitSection": true,
				"changeBPM": false,
				"bpm": 190
			},
			{
				"lengthInSteps": 16,
				"sectionNotes": [
					[
						76071.4285714285,
						2,
						0
					],
					[
						76224.4897959183,
						1,
						0
					],
					[
						76377.5510204081,
						2,
						0
					],
					[
						76836.7346938775,
						3,
						0
					],
					[
						76683.6734693877,
						1,
						0
					],
					[
						76989.7959183673,
						2,
						0
					],
					[
						76530.6122448979,
						3,
						0
					]
				],
				"typeOfSection": 0,
				"altAnim": false,
				"mustHitSection": true,
				"changeBPM": false,
				"bpm": 190
			},
			{
				"lengthInSteps": 16,
				"sectionNotes": [
					[
						77295.9183673469,
						0,
						0
					],
					[
						77142.8571428571,
						3,
						0
					],
					[
						77602.0408163265,
						1,
						0
					],
					[
						77908.1632653061,
						3,
						153.061224489796
					],
					[
						78214.2857142856,
						2,
						0
					],
					[
						78290.8163265305,
						1,
						0
					]
				],
				"typeOfSection": 0,
				"altAnim": false,
				"mustHitSection": true,
				"changeBPM": false,
				"bpm": 190
			},
			{
				"lengthInSteps": 16,
				"sectionNotes": [
					[
						78367.3469387754,
						0,
						153.061224489796
					],
					[
						78673.469387755,
						3,
						0
					],
					[
						78826.5306122448,
						0,
						0
					],
					[
						78979.5918367346,
						3,
						0
					],
					[
						79132.6530612244,
						2,
						0
					],
					[
						79285.7142857142,
						1,
						0
					],
					[
						79438.775510204,
						3,
						0
					]
				],
				"typeOfSection": 0,
				"altAnim": false,
				"mustHitSection": true,
				"changeBPM": false,
				"bpm": 190
			},
			{
				"lengthInSteps": 16,
				"sectionNotes": [
					[
						79744.8979591836,
						0,
						153.061224489796
					],
					[
						80051.0204081632,
						1,
						0
					],
					[
						80127.5510204081,
						2,
						0
					],
					[
						80204.081632653,
						1,
						153.061224489796
					],
					[
						80510.2040816326,
						3,
						0
					]
				],
				"typeOfSection": 0,
				"altAnim": false,
				"mustHitSection": true,
				"changeBPM": false,
				"bpm": 190
			},
			{
				"lengthInSteps": 16,
				"sectionNotes": [
					[
						80816.3265306122,
						2,
						0
					],
					[
						80969.387755102,
						1,
						0
					],
					[
						81122.4489795918,
						2,
						0
					],
					[
						81275.5102040816,
						1,
						0
					],
					[
						81428.5714285714,
						3,
						0
					],
					[
						81581.6326530612,
						0,
						0
					],
					[
						81734.693877551,
						2,
						0
					],
					[
						81887.7551020408,
						0,
						0
					]
				],
				"typeOfSection": 0,
				"altAnim": false,
				"mustHitSection": true,
				"changeBPM": false,
				"bpm": 190
			},
			{
				"lengthInSteps": 16,
				"sectionNotes": [
					[
						82040.8163265306,
						1,
						0
					],
					[
						82193.8775510204,
						0,
						0
					],
					[
						82346.9387755101,
						2,
						0
					],
					[
						82500,
						1,
						0
					],
					[
						82653.0612244897,
						3,
						0
					],
					[
						82806.1224489795,
						1,
						0
					],
					[
						82959.1836734693,
						0,
						0
					],
					[
						83112.2448979591,
						3,
						0
					]
				],
				"typeOfSection": 0,
				"altAnim": false,
				"mustHitSection": true,
				"changeBPM": false,
				"bpm": 190
			},
			{
				"lengthInSteps": 16,
				"sectionNotes": [
					[
						83265.306122449,
						2,
						0
					],
					[
						83418.3673469388,
						0,
						0
					],
					[
						83571.4285714286,
						3,
						0
					],
					[
						83724.4897959184,
						2,
						306.122448979592
					],
					[
						84183.6734693878,
						3,
						0
					],
					[
						83265.306122449,
						5,
						0
					],
					[
						83418.3673469388,
						4,
						0
					],
					[
						83571.4285714286,
						7,
						0
					],
					[
						83724.4897959184,
						6,
						153.061224489796
					],
					[
						84183.6734693878,
						4,
						0
					]
				],
				"typeOfSection": 0,
				"altAnim": false,
				"mustHitSection": false,
				"changeBPM": false,
				"bpm": 190
			},
			{
				"lengthInSteps": 16,
				"sectionNotes": [
					[
						84489.7959183674,
						5,
						0
					],
					[
						84642.8571428572,
						7,
						0
					],
					[
						84795.918367347,
						4,
						0
					],
					[
						84948.9795918367,
						5,
						306.122448979592
					],
					[
						85408.1632653061,
						7,
						0
					],
					[
						85561.2244897959,
						4,
						0
					],
					[
						84489.7959183674,
						2,
						0
					],
					[
						84642.8571428572,
						3,
						0
					],
					[
						84795.918367347,
						2,
						0
					],
					[
						84948.9795918367,
						1,
						306.122448979592
					],
					[
						85408.1632653061,
						3,
						0
					],
					[
						85561.2244897959,
						0,
						0
					]
				],
				"typeOfSection": 0,
				"altAnim": false,
				"mustHitSection": true,
				"changeBPM": false,
				"bpm": 190
			},
			{
				"lengthInSteps": 16,
				"sectionNotes": [
					[
						85714.2857142857,
						3,
						0
					],
					[
						85867.3469387755,
						2,
						0
					],
					[
						86326.5306122449,
						0,
						0
					],
					[
						86403.0612244898,
						2,
						0
					],
					[
						86479.5918367347,
						3,
						0
					],
					[
						86173.4693877551,
						3,
						0
					],
					[
						86632.6530612245,
						0,
						0
					],
					[
						86785.7142857143,
						3,
						0
					],
					[
						85867.3469387755,
						6,
						0
					],
					[
						86326.5306122449,
						4,
						0
					],
					[
						86403.0612244898,
						6,
						0
					],
					[
						86479.5918367347,
						7,
						0
					],
					[
						86173.4693877551,
						7,
						0
					],
					[
						86632.6530612245,
						6,
						0
					],
					[
						86632.6530612245,
						4,
						0
					],
					[
						86785.7142857143,
						7,
						0
					],
					[
						85714.2857142857,
						4,
						0
					]
				],
				"typeOfSection": 0,
				"altAnim": false,
				"mustHitSection": false,
				"changeBPM": false,
				"bpm": 190
			},
			{
				"lengthInSteps": 16,
				"sectionNotes": [
					[
						86938.7755102041,
						4,
						0
					],
					[
						87244.8979591837,
						7,
						0
					],
					[
						87397.9591836735,
						4,
						0
					],
					[
						87474.4897959184,
						5,
						0
					],
					[
						87551.0204081633,
						6,
						0
					],
					[
						87704.0816326531,
						4,
						0
					],
					[
						87857.1428571429,
						5,
						0
					],
					[
						88010.2040816327,
						7,
						0
					],
					[
						86938.7755102041,
						0,
						0
					],
					[
						87244.8979591837,
						3,
						0
					],
					[
						87397.9591836735,
						0,
						0
					],
					[
						87474.4897959184,
						1,
						0
					],
					[
						87551.0204081633,
						2,
						0
					],
					[
						87704.0816326531,
						0,
						0
					],
					[
						87857.1428571429,
						1,
						0
					],
					[
						88010.2040816327,
						3,
						0
					]
				],
				"typeOfSection": 0,
				"altAnim": false,
				"mustHitSection": true,
				"changeBPM": false,
				"bpm": 190
			},
			{
				"lengthInSteps": 16,
				"sectionNotes": [
					[
						88163.2653061225,
						6,
						0
					],
					[
						88316.3265306123,
						4,
						0
					],
					[
						88469.3877551021,
						5,
						0
					],
					[
						88622.4489795918,
						4,
						153.061224489796
					],
					[
						89081.6326530612,
						6,
						0
					],
					[
						88163.2653061225,
						1,
						0
					],
					[
						88316.3265306123,
						0,
						0
					],
					[
						88469.3877551021,
						1,
						0
					],
					[
						88622.4489795918,
						0,
						306.122448979592
					],
					[
						89081.6326530612,
						1,
						0
					]
				],
				"typeOfSection": 0,
				"altAnim": false,
				"mustHitSection": false,
				"changeBPM": false,
				"bpm": 190
			},
			{
				"lengthInSteps": 16,
				"sectionNotes": [
					[
						89387.7551020408,
						7,
						0
					],
					[
						89540.8163265306,
						6,
						0
					],
					[
						89693.8775510204,
						7,
						0
					],
					[
						89846.9387755102,
						4,
						306.122448979592
					],
					[
						90306.1224489796,
						7,
						0
					],
					[
						90459.1836734694,
						5,
						0
					],
					[
						89387.7551020408,
						1,
						0
					],
					[
						89540.8163265306,
						2,
						0
					],
					[
						89693.8775510204,
						3,
						0
					],
					[
						89846.9387755102,
						0,
						306.122448979592
					],
					[
						90306.1224489796,
						2,
						0
					],
					[
						90459.1836734694,
						1,
						0
					]
				],
				"typeOfSection": 0,
				"altAnim": false,
				"mustHitSection": true,
				"changeBPM": false,
				"bpm": 190
			},
			{
				"lengthInSteps": 16,
				"sectionNotes": [
					[
						90612.2448979592,
						6,
						0
					],
					[
						90765.306122449,
						5,
						0
					],
					[
						90918.3673469388,
						6,
						0
					],
					[
						90994.8979591837,
						5,
						0
					],
					[
						91071.4285714286,
						4,
						0
					],
					[
						91224.4897959184,
						5,
						0
					],
					[
						91377.5510204082,
						4,
						0
					],
					[
						91530.612244898,
						5,
						0
					],
					[
						91683.6734693878,
						4,
						0
					],
					[
						90612.2448979592,
						0,
						0
					],
					[
						90765.306122449,
						1,
						0
					],
					[
						90918.3673469388,
						2,
						0
					],
					[
						90994.8979591837,
						1,
						0
					],
					[
						91071.4285714286,
						0,
						0
					],
					[
						91224.4897959184,
						1,
						0
					],
					[
						91377.5510204082,
						0,
						0
					],
					[
						91530.612244898,
						2,
						0
					],
					[
						91683.6734693878,
						0,
						0
					]
				],
				"typeOfSection": 0,
				"altAnim": false,
				"mustHitSection": false,
				"changeBPM": false,
				"bpm": 190
			},
			{
				"lengthInSteps": 16,
				"sectionNotes": [],
				"typeOfSection": 0,
				"altAnim": false,
				"mustHitSection": false,
				"changeBPM": false,
				"bpm": 190
			},
			{
				"lengthInSteps": 16,
				"sectionNotes": [
					[
						93214.2857142857,
						0,
						0
					],
					[
						93367.3469387755,
						1,
						0
					],
					[
						93520.4081632653,
						2,
						306.122448979592
					],
					[
						93979.5918367347,
						0,
						0
					],
					[
						93061.2244897959,
						3,
						0
					],
					[
						93061.2244897959,
						6,
						0
					],
					[
						93214.2857142857,
						4,
						0
					],
					[
						93367.3469387755,
						7,
						0
					],
					[
						93520.4081632653,
						6,
						153.061224489796
					],
					[
						93979.5918367347,
						4,
						0
					]
				],
				"typeOfSection": 0,
				"altAnim": false,
				"mustHitSection": true,
				"changeBPM": false,
				"bpm": 190
			},
			{
				"lengthInSteps": 16,
				"sectionNotes": [
					[
						94285.7142857143,
						6,
						0
					],
					[
						94438.7755102041,
						7,
						0
					],
					[
						94591.8367346939,
						4,
						0
					],
					[
						94744.8979591837,
						5,
						306.122448979592
					],
					[
						95204.0816326531,
						7,
						0
					],
					[
						95357.1428571429,
						4,
						0
					],
					[
						94285.7142857143,
						2,
						0
					],
					[
						94438.7755102041,
						3,
						0
					],
					[
						94591.8367346939,
						0,
						0
					],
					[
						94744.8979591837,
						1,
						306.122448979592
					],
					[
						95204.0816326531,
						3,
						0
					],
					[
						95357.1428571429,
						0,
						0
					]
				],
				"typeOfSection": 0,
				"altAnim": false,
				"mustHitSection": false,
				"changeBPM": false,
				"bpm": 190
			},
			{
				"lengthInSteps": 16,
				"sectionNotes": [
					[
						95663.2653061225,
						2,
						0
					],
					[
						96122.4489795918,
						0,
						0
					],
					[
						96198.9795918367,
						2,
						0
					],
					[
						96275.5102040816,
						3,
						0
					],
					[
						96428.5714285714,
						2,
						0
					],
					[
						96581.6326530612,
						3,
						0
					],
					[
						95510.2040816327,
						0,
						0
					],
					[
						95969.3877551021,
						2,
						0
					],
					[
						95510.2040816327,
						7,
						0
					],
					[
						95663.2653061225,
						6,
						0
					],
					[
						96122.4489795918,
						4,
						0
					],
					[
						96122.4489795918,
						5,
						0
					],
					[
						96198.9795918367,
						6,
						0
					],
					[
						96275.5102040816,
						7,
						0
					],
					[
						95969.3877551021,
						7,
						0
					],
					[
						96428.5714285714,
						6,
						0
					],
					[
						96581.6326530613,
						5,
						0
					]
				],
				"typeOfSection": 0,
				"altAnim": false,
				"mustHitSection": true,
				"changeBPM": false,
				"bpm": 190
			},
			{
				"lengthInSteps": 16,
				"sectionNotes": [
					[
						96734.693877551,
						4,
						0
					],
					[
						97040.8163265306,
						5,
						0
					],
					[
						97193.8775510204,
						4,
						0
					],
					[
						97270.4081632653,
						5,
						0
					],
					[
						97346.9387755102,
						6,
						0
					],
					[
						97500,
						4,
						0
					],
					[
						97653.0612244898,
						5,
						0
					],
					[
						97806.1224489796,
						7,
						0
					],
					[
						96734.693877551,
						2,
						0
					],
					[
						96734.693877551,
						0,
						0
					],
					[
						97040.8163265306,
						1,
						0
					],
					[
						97193.8775510204,
						0,
						0
					],
					[
						97270.4081632653,
						1,
						0
					],
					[
						97346.9387755102,
						2,
						0
					],
					[
						97500,
						0,
						0
					],
					[
						97653.0612244898,
						1,
						0
					],
					[
						97806.1224489796,
						3,
						0
					],
					[
						96734.693877551,
						5,
						0
					]
				],
				"typeOfSection": 0,
				"altAnim": false,
				"mustHitSection": false,
				"changeBPM": false,
				"bpm": 190
			},
			{
				"lengthInSteps": 16,
				"sectionNotes": [
					[
						97959.1836734694,
						6,
						0
					],
					[
						98112.2448979592,
						4,
						0
					],
					[
						98265.306122449,
						7,
						0
					],
					[
						98265.306122449,
						5,
						0
					],
					[
						98418.3673469388,
						4,
						153.061224489796
					],
					[
						98877.5510204082,
						6,
						0
					],
					[
						97959.1836734694,
						1,
						0
					],
					[
						98112.2448979592,
						0,
						0
					],
					[
						98265.306122449,
						1,
						0
					],
					[
						98418.3673469388,
						0,
						306.122448979592
					],
					[
						98877.5510204082,
						1,
						0
					]
				],
				"typeOfSection": 0,
				"altAnim": false,
				"mustHitSection": true,
				"changeBPM": false,
				"bpm": 190
			},
			{
				"lengthInSteps": 16,
				"sectionNotes": [
					[
						99183.6734693878,
						7,
						0
					],
					[
						99336.7346938776,
						6,
						0
					],
					[
						99489.7959183674,
						5,
						0
					],
					[
						99642.8571428572,
						4,
						306.122448979592
					],
					[
						100102.040816327,
						7,
						0
					],
					[
						100255.102040816,
						5,
						0
					],
					[
						99183.6734693878,
						3,
						0
					],
					[
						99336.7346938776,
						2,
						0
					],
					[
						99489.7959183674,
						1,
						0
					],
					[
						99642.8571428572,
						0,
						306.122448979592
					],
					[
						100102.040816327,
						3,
						0
					],
					[
						100255.102040816,
						1,
						0
					]
				],
				"typeOfSection": 0,
				"altAnim": false,
				"mustHitSection": false,
				"changeBPM": false,
				"bpm": 190
			},
			{
				"lengthInSteps": 16,
				"sectionNotes": [
					[
						100408.163265306,
						6,
						0
					],
					[
						100561.224489796,
						5,
						0
					],
					[
						100714.285714286,
						6,
						0
					],
					[
						100790.816326531,
						5,
						0
					],
					[
						100867.346938776,
						4,
						0
					],
					[
						101020.408163265,
						7,
						0
					],
					[
						101173.469387755,
						4,
						0
					],
					[
						101326.530612245,
						6,
						0
					],
					[
						100408.163265306,
						2,
						0
					],
					[
						100561.224489796,
						1,
						0
					],
					[
						100714.285714286,
						2,
						0
					],
					[
						100790.816326531,
						1,
						0
					],
					[
						100867.346938776,
						0,
						0
					],
					[
						101020.408163265,
						1,
						0
					],
					[
						101173.469387755,
						0,
						0
					],
					[
						101326.530612245,
						1,
						0
					],
					[
						101479.591836735,
						0,
						0
					]
				],
				"typeOfSection": 0,
				"altAnim": false,
				"mustHitSection": true,
				"changeBPM": false,
				"bpm": 190
			},
			{
				"lengthInSteps": 16,
				"sectionNotes": [
					[
						101785.714285714,
						6,
						0
					],
					[
						101938.775510204,
						4,
						0
					],
					[
						102015.306122449,
						6,
						0
					],
					[
						102091.836734694,
						7,
						0
					],
					[
						102244.897959184,
						6,
						0
					],
					[
						102397.959183673,
						7,
						0
					],
					[
						102397.959183673,
						5,
						0
					],
					[
						102551.020408163,
						7,
						0
					],
					[
						102627.551020408,
						5,
						0
					],
					[
						102704.081632653,
						4,
						0
					],
					[
						102780.612244898,
						5,
						0
					],
					[
						101632.653061224,
						0,
						0
					],
					[
						101785.714285714,
						1,
						0
					],
					[
						101938.775510204,
						0,
						0
					],
					[
						102015.306122449,
						2,
						0
					],
					[
						102091.836734694,
						0,
						0
					],
					[
						102244.897959184,
						1,
						0
					],
					[
						102397.959183673,
						2,
						0
					],
					[
						102551.020408163,
						1,
						0
					],
					[
						102704.081632653,
						3,
						1301.02040816327
					]
				],
				"typeOfSection": 0,
				"altAnim": false,
				"mustHitSection": false,
				"changeBPM": false,
				"bpm": 190
			},
			{
				"lengthInSteps": 16,
				"sectionNotes": [],
				"typeOfSection": 0,
				"altAnim": false,
				"mustHitSection": false,
				"changeBPM": false,
				"bpm": 190
			},
			{
				"lengthInSteps": 16,
				"sectionNotes": [
					[
						104081.632653061,
						6,
						0
					],
					[
						104234.693877551,
						4,
						0
					],
					[
						104081.632653061,
						2,
						0
					],
					[
						104387.755102041,
						0,
						0
					],
					[
						104540.816326531,
						5,
						0
					],
					[
						104693.87755102,
						4,
						0
					],
					[
						104540.816326531,
						3,
						0
					],
					[
						104846.93877551,
						2,
						0
					],
					[
						105000,
						0,
						0
					],
					[
						105000,
						4,
						0
					],
					[
						105153.06122449,
						6,
						0
					],
					[
						104846.93877551,
						5,
						0
					]
				],
				"typeOfSection": 0,
				"altAnim": false,
				"mustHitSection": false,
				"changeBPM": false,
				"bpm": 190
			},
			{
				"lengthInSteps": 16,
				"sectionNotes": [
					[
						105459.183673469,
						0,
						0
					],
					[
						105306.12244898,
						2,
						0
					],
					[
						105459.183673469,
						6,
						0
					],
					[
						105612.244897959,
						5,
						0
					],
					[
						105765.306122449,
						1,
						0
					],
					[
						105918.367346939,
						0,
						0
					],
					[
						105918.367346939,
						5,
						0
					],
					[
						106071.428571429,
						4,
						0
					],
					[
						106224.489795918,
						1,
						0
					],
					[
						106377.551020408,
						0,
						0
					],
					[
						106377.551020408,
						4,
						0
					]
				],
				"typeOfSection": 0,
				"altAnim": false,
				"mustHitSection": false,
				"changeBPM": false,
				"bpm": 190
			},
			{
				"lengthInSteps": 16,
				"sectionNotes": [
					[
						106530.612244898,
						5,
						0
					],
					[
						106683.673469388,
						7,
						0
					],
					[
						106683.673469388,
						1,
						0
					],
					[
						106836.734693878,
						2,
						0
					],
					[
						106989.795918367,
						0,
						0
					],
					[
						107142.857142857,
						1,
						0
					],
					[
						107295.918367347,
						0,
						0
					],
					[
						107372.448979592,
						3,
						0
					],
					[
						107448.979591837,
						1,
						0
					],
					[
						107602.040816327,
						0,
						0
					],
					[
						107142.857142857,
						5,
						0
					],
					[
						107448.979591837,
						5,
						0
					],
					[
						107602.040816327,
						7,
						0
					],
					[
						107219.387755102,
						4,
						0
					],
					[
						107372.448979592,
						7,
						0
					]
				],
				"typeOfSection": 0,
				"altAnim": false,
				"mustHitSection": false,
				"changeBPM": false,
				"bpm": 190
			},
			{
				"lengthInSteps": 16,
				"sectionNotes": [
					[
						107755.102040816,
						1,
						0
					],
					[
						107908.163265306,
						2,
						0
					],
					[
						108061.224489796,
						0,
						0
					],
					[
						108214.285714286,
						3,
						0
					],
					[
						108520.408163265,
						1,
						0
					],
					[
						108673.469387755,
						3,
						0
					],
					[
						108826.530612245,
						0,
						0
					]
				],
				"typeOfSection": 0,
				"altAnim": false,
				"mustHitSection": false,
				"changeBPM": false,
				"bpm": 190
			},
			{
				"lengthInSteps": 16,
				"sectionNotes": [
					[
						109438.775510204,
						2,
						0
					],
					[
						109744.897959184,
						0,
						0
					],
					[
						108979.591836735,
						3,
						0
					],
					[
						109132.653061224,
						2,
						0
					],
					[
						109285.714285714,
						0,
						0
					],
					[
						109591.836734694,
						3,
						0
					],
					[
						109897.959183673,
						3,
						0
					],
					[
						110051.020408163,
						2,
						0
					]
				],
				"typeOfSection": 0,
				"altAnim": false,
				"mustHitSection": false,
				"changeBPM": false,
				"bpm": 190
			},
			{
				"lengthInSteps": 16,
				"sectionNotes": [
					[
						110204.081632653,
						3,
						382.65306122449
					],
					[
						110816.326530612,
						1,
						0
					],
					[
						110969.387755102,
						0,
						0
					],
					[
						111122.448979592,
						1,
						0
					],
					[
						111275.510204082,
						2,
						0
					]
				],
				"typeOfSection": 0,
				"altAnim": false,
				"mustHitSection": false,
				"changeBPM": false,
				"bpm": 190
			},
			{
				"lengthInSteps": 16,
				"sectionNotes": [
					[
						111581.632653061,
						0,
						0
					],
					[
						111887.755102041,
						3,
						0
					],
					[
						112040.816326531,
						2,
						0
					],
					[
						112117.346938776,
						1,
						0
					],
					[
						112193.87755102,
						0,
						0
					],
					[
						112346.93877551,
						3,
						0
					],
					[
						112500,
						0,
						0
					]
				],
				"typeOfSection": 0,
				"altAnim": false,
				"mustHitSection": false,
				"changeBPM": false,
				"bpm": 190
			},
			{
				"lengthInSteps": 16,
				"sectionNotes": [
					[
						112653.06122449,
						3,
						0
					],
					[
						112806.12244898,
						0,
						0
					],
					[
						112959.183673469,
						3,
						0
					],
					[
						113112.244897959,
						0,
						0
					],
					[
						113418.367346939,
						2,
						0
					],
					[
						113571.428571429,
						0,
						0
					],
					[
						113724.489795918,
						3,
						0
					],
					[
						113265.306122449,
						1,
						0
					]
				],
				"typeOfSection": 0,
				"altAnim": false,
				"mustHitSection": false,
				"changeBPM": false,
				"bpm": 190
			},
			{
				"lengthInSteps": 16,
				"sectionNotes": [
					[
						113877.551020408,
						0,
						0
					],
					[
						114030.612244898,
						3,
						0
					],
					[
						114183.673469388,
						0,
						0
					],
					[
						114336.734693878,
						3,
						0
					],
					[
						114642.857142857,
						2,
						0
					],
					[
						114489.795918367,
						1,
						0
					],
					[
						114795.918367347,
						1,
						0
					],
					[
						114948.979591837,
						2,
						0
					]
				],
				"typeOfSection": 0,
				"altAnim": false,
				"mustHitSection": false,
				"changeBPM": false,
				"bpm": 190
			},
			{
				"lengthInSteps": 16,
				"sectionNotes": [
					[
						115102.040816327,
						3,
						688.775510204082
					],
					[
						116020.408163265,
						1,
						0
					],
					[
						116173.469387755,
						0,
						306.122448979592
					]
				],
				"typeOfSection": 0,
				"altAnim": false,
				"mustHitSection": false,
				"changeBPM": false,
				"bpm": 190
			},
			{
				"lengthInSteps": 16,
				"sectionNotes": [
					[
						116632.653061224,
						0,
						0
					],
					[
						116709.183673469,
						2,
						0
					],
					[
						116785.714285714,
						3,
						0
					],
					[
						116862.244897959,
						2,
						0
					],
					[
						116938.775510204,
						1,
						0
					],
					[
						117244.897959184,
						2,
						0
					],
					[
						117397.959183673,
						2,
						0
					],
					[
						117091.836734694,
						0,
						0
					]
				],
				"typeOfSection": 0,
				"altAnim": false,
				"mustHitSection": false,
				"changeBPM": false,
				"bpm": 190
			},
			{
				"lengthInSteps": 16,
				"sectionNotes": [
					[
						117551.020408163,
						1,
						0
					],
					[
						117704.081632653,
						2,
						0
					],
					[
						117857.142857143,
						1,
						0
					],
					[
						118010.204081633,
						3,
						0
					],
					[
						118469.387755102,
						3,
						0
					],
					[
						118622.448979592,
						2,
						0
					],
					[
						118316.326530612,
						2,
						0
					]
				],
				"typeOfSection": 0,
				"altAnim": false,
				"mustHitSection": true,
				"changeBPM": false,
				"bpm": 190
			},
			{
				"lengthInSteps": 16,
				"sectionNotes": [
					[
						118775.510204082,
						1,
						0
					],
					[
						119234.693877551,
						2,
						0
					],
					[
						119540.816326531,
						0,
						0
					],
					[
						118928.571428571,
						2,
						0
					],
					[
						119081.632653061,
						0,
						0
					],
					[
						119387.755102041,
						3,
						0
					],
					[
						119693.87755102,
						1,
						0
					],
					[
						119846.93877551,
						2,
						0
					]
				],
				"typeOfSection": 0,
				"altAnim": false,
				"mustHitSection": true,
				"changeBPM": false,
				"bpm": 190
			},
			{
				"lengthInSteps": 16,
				"sectionNotes": [
					[
						120000,
						0,
						229.591836734694
					],
					[
						120612.244897959,
						2,
						0
					],
					[
						120765.306122449,
						0,
						0
					],
					[
						120918.367346939,
						1,
						0
					],
					[
						121071.428571429,
						2,
						0
					]
				],
				"typeOfSection": 0,
				"altAnim": false,
				"mustHitSection": true,
				"changeBPM": false,
				"bpm": 190
			},
			{
				"lengthInSteps": 16,
				"sectionNotes": [
					[
						121377.551020408,
						2,
						0
					],
					[
						121683.673469388,
						1,
						0
					],
					[
						121836.734693878,
						2,
						0
					],
					[
						121913.265306122,
						1,
						0
					],
					[
						121989.795918367,
						0,
						0
					],
					[
						122142.857142857,
						3,
						0
					],
					[
						122295.918367347,
						0,
						0
					]
				],
				"typeOfSection": 0,
				"altAnim": false,
				"mustHitSection": true,
				"changeBPM": false,
				"bpm": 190
			},
			{
				"lengthInSteps": 16,
				"sectionNotes": [
					[
						122448.979591837,
						1,
						0
					],
					[
						122602.040816327,
						0,
						0
					],
					[
						122908.163265306,
						0,
						0
					],
					[
						123061.224489796,
						1,
						0
					],
					[
						123214.285714286,
						2,
						0
					],
					[
						123367.346938776,
						0,
						0
					],
					[
						122755.102040816,
						2,
						0
					],
					[
						123520.408163265,
						1,
						0
					]
				],
				"typeOfSection": 0,
				"altAnim": false,
				"mustHitSection": true,
				"changeBPM": false,
				"bpm": 190
			},
			{
				"lengthInSteps": 16,
				"sectionNotes": [
					[
						123673.469387755,
						2,
						0
					],
					[
						123826.530612245,
						3,
						0
					],
					[
						124132.653061224,
						3,
						0
					],
					[
						124438.775510204,
						2,
						0
					],
					[
						124285.714285714,
						1,
						0
					],
					[
						124591.836734694,
						3,
						0
					],
					[
						124744.897959184,
						2,
						0
					],
					[
						123979.591836735,
						1,
						0
					]
				],
				"typeOfSection": 0,
				"altAnim": false,
				"mustHitSection": true,
				"changeBPM": false,
				"bpm": 190
			},
			{
				"lengthInSteps": 16,
				"sectionNotes": [
					[
						124897.959183673,
						3,
						688.775510204082
					],
					[
						125816.326530612,
						1,
						0
					],
					[
						125969.387755102,
						0,
						306.122448979592
					]
				],
				"typeOfSection": 0,
				"altAnim": false,
				"mustHitSection": true,
				"changeBPM": false,
				"bpm": 190
			},
			{
				"lengthInSteps": 16,
				"sectionNotes": [
					[
						126428.571428571,
						0,
						0
					],
					[
						126505.102040816,
						2,
						0
					],
					[
						126581.632653061,
						3,
						0
					],
					[
						126658.163265306,
						2,
						0
					],
					[
						126734.693877551,
						1,
						0
					],
					[
						127040.816326531,
						3,
						0
					],
					[
						127193.87755102,
						2,
						0
					],
					[
						126887.755102041,
						3,
						0
					]
				],
				"typeOfSection": 0,
				"altAnim": false,
				"mustHitSection": true,
				"changeBPM": false,
				"bpm": 190
			},
			{
				"lengthInSteps": 16,
				"sectionNotes": [
					[
						127500,
						2,
						0
					],
					[
						127653.06122449,
						0,
						0
					],
					[
						127806.12244898,
						2,
						0
					],
					[
						127959.183673469,
						3,
						0
					],
					[
						128265.306122449,
						0,
						0
					],
					[
						128112.244897959,
						2,
						0
					],
					[
						128418.367346939,
						2,
						0
					]
				],
				"typeOfSection": 0,
				"altAnim": false,
				"mustHitSection": false,
				"changeBPM": false,
				"bpm": 190
			},
			{
				"lengthInSteps": 16,
				"sectionNotes": [
					[
						128571.428571429,
						1,
						0
					],
					[
						128877.551020408,
						3,
						0
					],
					[
						129030.612244898,
						0,
						0
					],
					[
						129336.734693878,
						0,
						0
					],
					[
						129413.265306122,
						1,
						0
					],
					[
						129489.795918367,
						3,
						0
					],
					[
						129642.857142857,
						1,
						0
					],
					[
						128724.489795919,
						2,
						0
					]
				],
				"typeOfSection": 0,
				"altAnim": false,
				"mustHitSection": false,
				"changeBPM": false,
				"bpm": 190
			},
			{
				"lengthInSteps": 16,
				"sectionNotes": [
					[
						129795.918367347,
						3,
						0
					],
					[
						129948.979591837,
						2,
						0
					],
					[
						130102.040816327,
						0,
						0
					],
					[
						130255.102040816,
						3,
						0
					],
					[
						130408.163265306,
						2,
						0
					],
					[
						130561.224489796,
						0,
						0
					],
					[
						130714.285714286,
						1,
						0
					],
					[
						130867.346938775,
						2,
						0
					]
				],
				"typeOfSection": 0,
				"altAnim": false,
				"mustHitSection": false,
				"changeBPM": false,
				"bpm": 190
			},
			{
				"lengthInSteps": 16,
				"sectionNotes": [
					[
						131173.469387755,
						0,
						0
					],
					[
						131326.530612245,
						3,
						0
					],
					[
						131479.591836735,
						2,
						0
					],
					[
						131632.653061224,
						1,
						0
					],
					[
						131785.714285714,
						3,
						0
					],
					[
						131938.775510204,
						2,
						0
					],
					[
						132091.836734694,
						1,
						0
					]
				],
				"typeOfSection": 0,
				"altAnim": false,
				"mustHitSection": false,
				"changeBPM": false,
				"bpm": 190
			},
			{
				"lengthInSteps": 16,
				"sectionNotes": [
					[
						132244.897959184,
						2,
						0
					],
					[
						132397.959183673,
						0,
						0
					],
					[
						132704.081632653,
						1,
						306.122448979592
					],
					[
						133163.265306122,
						3,
						0
					],
					[
						133316.326530612,
						2,
						0
					]
				],
				"typeOfSection": 0,
				"altAnim": false,
				"mustHitSection": false,
				"changeBPM": false,
				"bpm": 190
			},
			{
				"lengthInSteps": 16,
				"sectionNotes": [
					[
						133469.387755102,
						0,
						0
					],
					[
						133622.448979592,
						3,
						0
					],
					[
						133928.571428571,
						0,
						306.122448979592
					],
					[
						134387.755102041,
						3,
						0
					],
					[
						134540.816326531,
						2,
						0
					]
				],
				"typeOfSection": 0,
				"altAnim": false,
				"mustHitSection": false,
				"changeBPM": false,
				"bpm": 190
			},
			{
				"lengthInSteps": 16,
				"sectionNotes": [
					[
						134846.93877551,
						1,
						0
					],
					[
						135000,
						0,
						0
					],
					[
						135153.06122449,
						3,
						0
					],
					[
						135306.12244898,
						2,
						0
					],
					[
						135459.183673469,
						1,
						0
					],
					[
						135612.244897959,
						0,
						0
					],
					[
						135765.306122449,
						1,
						0
					]
				],
				"typeOfSection": 0,
				"altAnim": false,
				"mustHitSection": false,
				"changeBPM": false,
				"bpm": 190
			},
			{
				"lengthInSteps": 16,
				"sectionNotes": [
					[
						135918.367346939,
						3,
						0
					],
					[
						136071.428571429,
						0,
						0
					],
					[
						136224.489795918,
						1,
						0
					],
					[
						136377.551020408,
						2,
						0
					],
					[
						136683.673469388,
						0,
						0
					],
					[
						136836.734693878,
						2,
						0
					],
					[
						136989.795918367,
						0,
						0
					],
					[
						136989.795918367,
						3,
						0
					]
				],
				"typeOfSection": 0,
				"altAnim": false,
				"mustHitSection": false,
				"changeBPM": false,
				"bpm": 190
			},
			{
				"lengthInSteps": 16,
				"sectionNotes": [
					[
						137142.857142857,
						6,
						1147.95918367347
					],
					[
						137295.918367347,
						2,
						0
					],
					[
						137448.979591837,
						0,
						0
					],
					[
						137602.040816327,
						2,
						0
					],
					[
						137755.102040816,
						3,
						0
					],
					[
						138061.224489796,
						0,
						0
					],
					[
						137908.163265306,
						2,
						0
					],
					[
						138214.285714286,
						2,
						0
					]
				],
				"typeOfSection": 0,
				"altAnim": false,
				"mustHitSection": true,
				"changeBPM": false,
				"bpm": 190
			},
			{
				"lengthInSteps": 16,
				"sectionNotes": [
					[
						138367.346938775,
						0,
						0
					],
					[
						138520.408163265,
						1,
						0
					],
					[
						138673.469387755,
						2,
						0
					],
					[
						138826.530612245,
						0,
						0
					],
					[
						139132.653061224,
						0,
						0
					],
					[
						139209.183673469,
						1,
						0
					],
					[
						139285.714285714,
						3,
						0
					],
					[
						139438.775510204,
						1,
						0
					]
				],
				"typeOfSection": 0,
				"altAnim": false,
				"mustHitSection": true,
				"changeBPM": false,
				"bpm": 190
			},
			{
				"lengthInSteps": 16,
				"sectionNotes": [
					[
						139591.836734694,
						3,
						0
					],
					[
						139744.897959184,
						2,
						0
					],
					[
						139897.959183673,
						0,
						0
					],
					[
						140051.020408163,
						3,
						0
					],
					[
						140204.081632653,
						2,
						0
					],
					[
						140357.142857143,
						0,
						0
					],
					[
						140510.204081633,
						1,
						0
					],
					[
						140663.265306122,
						2,
						0
					]
				],
				"typeOfSection": 0,
				"altAnim": false,
				"mustHitSection": true,
				"changeBPM": false,
				"bpm": 190
			},
			{
				"lengthInSteps": 16,
				"sectionNotes": [
					[
						140969.387755102,
						0,
						0
					],
					[
						141122.448979592,
						1,
						0
					],
					[
						141275.510204082,
						2,
						0
					],
					[
						141428.571428571,
						0,
						0
					],
					[
						141734.693877551,
						0,
						0
					],
					[
						141887.755102041,
						1,
						0
					],
					[
						141581.632653061,
						1,
						0
					]
				],
				"typeOfSection": 0,
				"altAnim": false,
				"mustHitSection": true,
				"changeBPM": false,
				"bpm": 190
			},
			{
				"lengthInSteps": 16,
				"sectionNotes": [
					[
						142040.816326531,
						2,
						0
					],
					[
						142193.87755102,
						0,
						0
					],
					[
						143112.244897959,
						2,
						0
					],
					[
						142959.183673469,
						0,
						0
					],
					[
						142500,
						1,
						153.061224489796
					]
				],
				"typeOfSection": 0,
				"altAnim": false,
				"mustHitSection": true,
				"changeBPM": false,
				"bpm": 190
			},
			{
				"lengthInSteps": 16,
				"sectionNotes": [
					[
						143265.306122449,
						0,
						0
					],
					[
						143418.367346939,
						3,
						0
					],
					[
						143724.489795918,
						0,
						306.122448979592
					],
					[
						144183.673469388,
						3,
						0
					],
					[
						144336.734693878,
						1,
						0
					]
				],
				"typeOfSection": 0,
				"altAnim": false,
				"mustHitSection": true,
				"changeBPM": false,
				"bpm": 190
			},
			{
				"sectionNotes": [
					[
						144642.857142857,
						1,
						0
					],
					[
						144795.918367347,
						0,
						0
					],
					[
						144948.979591837,
						3,
						0
					],
					[
						145102.040816327,
						2,
						0
					],
					[
						145255.102040816,
						1,
						0
					],
					[
						145408.163265306,
						3,
						0
					],
					[
						145561.224489796,
						1,
						0
					]
				],
				"typeOfSection": 0,
				"lengthInSteps": 16,
				"altAnim": false,
				"mustHitSection": true,
				"changeBPM": false,
				"bpm": 190
			},
			{
				"lengthInSteps": 16,
				"typeOfSection": 0,
				"sectionNotes": [
					[
						145714.285714286,
						2,
						0
					],
					[
						145867.346938775,
						0,
						0
					],
					[
						146020.408163265,
						1,
						0
					],
					[
						146173.469387755,
						2,
						0
					],
					[
						146479.591836735,
						0,
						0
					],
					[
						146632.653061224,
						2,
						0
					],
					[
						146785.714285714,
						3,
						0
					]
				],
				"altAnim": false,
				"bpm": 190,
				"changeBPM": false,
				"mustHitSection": true
			},
			{
				"lengthInSteps": 16,
				"typeOfSection": 0,
				"sectionNotes": [
					[
						146938.775510204,
						2,
						153.061224489796
					]
				],
				"altAnim": false,
				"bpm": 204,
				"changeBPM": false,
				"mustHitSection": true
			},
			{
				"lengthInSteps": 16,
				"typeOfSection": 0,
				"sectionNotes": [],
				"altAnim": false,
				"bpm": 204,
				"changeBPM": false,
				"mustHitSection": true
			},
			{
				"lengthInSteps": 16,
				"typeOfSection": 0,
				"sectionNotes": [],
				"altAnim": false,
				"bpm": 204,
				"changeBPM": false,
				"mustHitSection": false
			},
			{
				"sectionNotes": [],
				"typeOfSection": 0,
				"lengthInSteps": 16,
				"altAnim": false,
				"mustHitSection": false,
				"changeBPM": false,
				"bpm": 204
			},
			{
				"lengthInSteps": 16,
				"typeOfSection": 0,
				"sectionNotes": [],
				"altAnim": false,
				"bpm": 204,
				"changeBPM": false,
				"mustHitSection": true
			},
			{
				"sectionNotes": [],
				"typeOfSection": 0,
				"lengthInSteps": 16,
				"altAnim": false,
				"mustHitSection": true,
				"changeBPM": false,
				"bpm": 196
			},
			{
				"sectionNotes": [],
				"typeOfSection": 0,
				"lengthInSteps": 16,
				"altAnim": false,
				"mustHitSection": false,
				"changeBPM": false,
				"bpm": 196
			},
			{
				"sectionNotes": [],
				"typeOfSection": 0,
				"lengthInSteps": 16,
				"altAnim": false,
				"mustHitSection": false,
				"changeBPM": false,
				"bpm": 196
			},
			{
				"sectionNotes": [],
				"typeOfSection": 0,
				"lengthInSteps": 16,
				"altAnim": false,
				"mustHitSection": false,
				"changeBPM": false,
				"bpm": 196
			},
			{
				"lengthInSteps": 16,
				"typeOfSection": 0,
				"sectionNotes": [],
				"altAnim": false,
				"bpm": 196,
				"changeBPM": false,
				"mustHitSection": true
			},
			{
				"lengthInSteps": 16,
				"typeOfSection": 0,
				"sectionNotes": [],
				"altAnim": false,
				"bpm": 196,
				"changeBPM": false,
				"mustHitSection": true
			},
			{
				"sectionNotes": [],
				"typeOfSection": 0,
				"lengthInSteps": 16,
				"altAnim": false,
				"mustHitSection": true,
				"changeBPM": false,
				"bpm": 196
			},
			{
				"lengthInSteps": 16,
				"typeOfSection": 0,
				"sectionNotes": [],
				"altAnim": false,
				"bpm": 196,
				"changeBPM": false,
				"mustHitSection": true
			},
			{
				"lengthInSteps": 16,
				"typeOfSection": 0,
				"sectionNotes": [],
				"altAnim": false,
				"bpm": 196,
				"changeBPM": false,
				"mustHitSection": true
			},
			{
				"sectionNotes": [],
				"typeOfSection": 0,
				"lengthInSteps": 16,
				"altAnim": false,
				"mustHitSection": true,
				"changeBPM": false,
				"bpm": 196
			},
			{
				"sectionNotes": [],
				"typeOfSection": 0,
				"lengthInSteps": 16,
				"altAnim": false,
				"mustHitSection": true,
				"changeBPM": false,
				"bpm": 196
			},
			{
				"sectionNotes": [],
				"typeOfSection": 0,
				"lengthInSteps": 16,
				"altAnim": false,
				"mustHitSection": true,
				"changeBPM": false,
				"bpm": 196
			},
			{
				"sectionNotes": [],
				"typeOfSection": 0,
				"lengthInSteps": 16,
				"altAnim": false,
				"mustHitSection": true,
				"changeBPM": false,
				"bpm": 196
			},
			{
				"sectionNotes": [],
				"typeOfSection": 0,
				"lengthInSteps": 16,
				"altAnim": false,
				"mustHitSection": true,
				"changeBPM": false,
				"bpm": 196
			},
			{
				"gfSection": false,
				"altAnim": false,
				"typeOfSection": 0,
				"sectionNotes": [],
				"bpm": 196,
				"sectionBeats": 4,
				"changeBPM": false,
				"mustHitSection": true
			},
			{
				"gfSection": false,
				"altAnim": false,
				"typeOfSection": 0,
				"sectionNotes": [],
				"bpm": 196,
				"sectionBeats": 4,
				"changeBPM": false,
				"mustHitSection": true
			},
			{
				"gfSection": false,
				"altAnim": false,
				"typeOfSection": 0,
				"sectionNotes": [],
				"bpm": 196,
				"sectionBeats": 4,
				"changeBPM": false,
				"mustHitSection": true
			},
			{
				"gfSection": false,
				"altAnim": false,
				"typeOfSection": 0,
				"sectionNotes": [],
				"bpm": 196,
				"sectionBeats": 4,
				"changeBPM": false,
				"mustHitSection": true
			},
			{
				"gfSection": false,
				"altAnim": false,
				"typeOfSection": 0,
				"sectionNotes": [],
				"bpm": 196,
				"sectionBeats": 4,
				"changeBPM": false,
				"mustHitSection": true
			},
			{
				"gfSection": false,
				"altAnim": false,
				"typeOfSection": 0,
				"sectionNotes": [],
				"bpm": 196,
				"sectionBeats": 4,
				"changeBPM": false,
				"mustHitSection": true
			},
			{
				"gfSection": false,
				"altAnim": false,
				"typeOfSection": 0,
				"sectionNotes": [],
				"bpm": 196,
				"sectionBeats": 4,
				"changeBPM": false,
				"mustHitSection": true
			},
			{
				"gfSection": false,
				"altAnim": false,
				"typeOfSection": 0,
				"sectionNotes": [],
				"bpm": 196,
				"sectionBeats": 4,
				"changeBPM": false,
				"mustHitSection": true
			},
			{
				"gfSection": false,
				"altAnim": false,
				"typeOfSection": 0,
				"sectionNotes": [],
				"bpm": 196,
				"sectionBeats": 4,
				"changeBPM": false,
				"mustHitSection": true
			}
		],
		"mania": 0,
		"player3": null,
		"song": "Thunderstorm",
		"stage": "chapter 5 Stage",
		"arrowSkin": "",
		"needsVoices": true,
		"sections": 0,
		"validScore": true,
		"bpm": 196,
		"speed": 2.5
	}
}