<?xml version='1.0' encoding='utf-8'?>
<TextureAtlas imagePath="BOYFRIEND.png">
<SubTexture name="ALT 2 BF DOWN0000" x="0" y="3455" width="389" height="358" frameX="0" frameY="-4" frameWidth="390" frameHeight="362" />
<SubTexture name="ALT 2 BF DOWN0001" x="0" y="3455" width="389" height="358" frameX="0" frameY="-4" frameWidth="390" frameHeight="362" />
<SubTexture name="ALT 2 BF DOWN0002" x="3415" y="3067" width="382" height="361" frameX="-4" frameY="-1" frameWidth="390" frameHeight="362" />
<SubTexture name="ALT 2 BF DOWN0003" x="3415" y="3067" width="382" height="361" frameX="-4" frameY="-1" frameWidth="390" frameHeight="362" />
<SubTexture name="ALT 2 BF DOWN0004" x="1147" y="3067" width="378" height="362" frameX="-6" frameY="0" frameWidth="390" frameHeight="362" />
<SubTexture name="ALT 2 BF DOWN0005" x="1525" y="3067" width="378" height="362" frameX="-6" frameY="0" frameWidth="390" frameHeight="362" />
<SubTexture name="ALT 2 BF DOWN0006" x="1903" y="3067" width="378" height="362" frameX="-6" frameY="0" frameWidth="390" frameHeight="362" />
<SubTexture name="ALT 2 BF DOWN0007" x="2281" y="3067" width="378" height="362" frameX="-6" frameY="0" frameWidth="390" frameHeight="362" />
<SubTexture name="ALT 2 BF DOWN0008" x="2659" y="3067" width="378" height="362" frameX="-6" frameY="0" frameWidth="390" frameHeight="362" />
<SubTexture name="ALT 2 BF DOWN0009" x="2659" y="3067" width="378" height="362" frameX="-6" frameY="0" frameWidth="390" frameHeight="362" />
<SubTexture name="ALT 2 BF DOWN0010" x="3037" y="3067" width="378" height="362" frameX="-6" frameY="0" frameWidth="390" frameHeight="362" />
<SubTexture name="ALT 2 BF DOWN0011" x="3037" y="3067" width="378" height="362" frameX="-6" frameY="0" frameWidth="390" frameHeight="362" />
<SubTexture name="ALT 2 BF DOWN0012" x="3037" y="3067" width="378" height="362" frameX="-6" frameY="0" frameWidth="390" frameHeight="362" />
<SubTexture name="ALT 2 BF DOWN0013" x="3037" y="3067" width="378" height="362" frameX="-6" frameY="0" frameWidth="390" frameHeight="362" />
<SubTexture name="ALT 2 BF LEFT0000" x="2653" y="855" width="399" height="416" frameX="0" frameY="-1" frameWidth="404" frameHeight="417" />
<SubTexture name="ALT 2 BF LEFT0001" x="2653" y="855" width="399" height="416" frameX="0" frameY="0" frameWidth="404" frameHeight="417" />
<SubTexture name="ALT 2 BF LEFT0002" x="2653" y="1271" width="396" height="415" frameX="-5" frameY="-2" frameWidth="404" frameHeight="417" />
<SubTexture name="ALT 2 BF LEFT0003" x="2653" y="1271" width="396" height="415" frameX="-5" frameY="-2" frameWidth="404" frameHeight="417" />
<SubTexture name="ALT 2 BF LEFT0004" x="2653" y="1686" width="398" height="413" frameX="-6" frameY="-4" frameWidth="404" frameHeight="417" />
<SubTexture name="ALT 2 BF LEFT0005" x="2254" y="1727" width="398" height="413" frameX="-6" frameY="-4" frameWidth="404" frameHeight="417" />
<SubTexture name="ALT 2 BF LEFT0006" x="0" y="2249" width="398" height="413" frameX="-6" frameY="-4" frameWidth="404" frameHeight="417" />
<SubTexture name="ALT 2 BF LEFT0007" x="398" y="2249" width="398" height="413" frameX="-6" frameY="-4" frameWidth="404" frameHeight="417" />
<SubTexture name="ALT 2 BF LEFT0008" x="796" y="2249" width="398" height="413" frameX="-6" frameY="-4" frameWidth="404" frameHeight="417" />
<SubTexture name="ALT 2 BF LEFT0009" x="796" y="2249" width="398" height="413" frameX="-6" frameY="-4" frameWidth="404" frameHeight="417" />
<SubTexture name="ALT 2 BF LEFT0010" x="1194" y="2249" width="398" height="413" frameX="-6" frameY="-4" frameWidth="404" frameHeight="417" />
<SubTexture name="ALT 2 BF LEFT0011" x="1194" y="2249" width="398" height="413" frameX="-6" frameY="-4" frameWidth="404" frameHeight="417" />
<SubTexture name="ALT 2 BF LEFT0012" x="1194" y="2249" width="398" height="413" frameX="-6" frameY="-4" frameWidth="404" frameHeight="417" />
<SubTexture name="ALT 2 BF LEFT0013" x="1194" y="2249" width="398" height="413" frameX="-6" frameY="-4" frameWidth="404" frameHeight="417" />
<SubTexture name="ALT 2 BF LEFT0014" x="1194" y="2249" width="398" height="413" frameX="-6" frameY="-4" frameWidth="404" frameHeight="417" />
<SubTexture name="ALT 2 BF LEFT0015" x="1194" y="2249" width="398" height="413" frameX="-6" frameY="-4" frameWidth="404" frameHeight="417" />
<SubTexture name="ALT 2 BF LEFT0016" x="1194" y="2249" width="398" height="413" frameX="-6" frameY="-4" frameWidth="404" frameHeight="417" />
<SubTexture name="ALT 2 BF LEFT0017" x="1194" y="2249" width="398" height="413" frameX="-6" frameY="-4" frameWidth="404" frameHeight="417" />
<SubTexture name="ALT 2 BF RIGHT0000" x="2653" y="0" width="403" height="428" frameX="0" frameY="-7" frameWidth="407" frameHeight="435" />
<SubTexture name="ALT 2 BF RIGHT0001" x="2653" y="0" width="403" height="428" frameX="0" frameY="-6" frameWidth="407" frameHeight="435" />
<SubTexture name="ALT 2 BF RIGHT0002" x="2254" y="0" width="399" height="433" frameX="-7" frameY="-2" frameWidth="407" frameHeight="435" />
<SubTexture name="ALT 2 BF RIGHT0003" x="2254" y="0" width="399" height="433" frameX="-7" frameY="-2" frameWidth="407" frameHeight="435" />
<SubTexture name="ALT 2 BF RIGHT0004" x="1131" y="1814" width="400" height="434" frameX="-7" frameY="-1" frameWidth="407" frameHeight="435" />
<SubTexture name="ALT 2 BF RIGHT0005" x="1531" y="1814" width="400" height="434" frameX="-7" frameY="-1" frameWidth="407" frameHeight="435" />
<SubTexture name="ALT 2 BF RIGHT0006" x="376" y="1378" width="400" height="435" frameX="-7" frameY="0" frameWidth="407" frameHeight="435" />
<SubTexture name="ALT 2 BF RIGHT0007" x="776" y="1378" width="400" height="435" frameX="-7" frameY="0" frameWidth="407" frameHeight="435" />
<SubTexture name="ALT 2 BF RIGHT0008" x="1176" y="1378" width="400" height="435" frameX="-7" frameY="0" frameWidth="407" frameHeight="435" />
<SubTexture name="ALT 2 BF RIGHT0009" x="1176" y="1378" width="400" height="435" frameX="-7" frameY="0" frameWidth="407" frameHeight="435" />
<SubTexture name="ALT 2 BF RIGHT0010" x="1854" y="0" width="400" height="435" frameX="-7" frameY="0" frameWidth="407" frameHeight="435" />
<SubTexture name="ALT 2 BF RIGHT0011" x="1854" y="0" width="400" height="435" frameX="-7" frameY="0" frameWidth="407" frameHeight="435" />
<SubTexture name="ALT 2 BF RIGHT0012" x="1854" y="0" width="400" height="435" frameX="-7" frameY="0" frameWidth="407" frameHeight="435" />
<SubTexture name="ALT 2 BF RIGHT0013" x="1854" y="0" width="400" height="435" frameX="-7" frameY="0" frameWidth="407" frameHeight="435" />
<SubTexture name="ALT 2 BF RIGHT0014" x="1854" y="0" width="400" height="435" frameX="-7" frameY="0" frameWidth="407" frameHeight="435" />
<SubTexture name="ALT 2 BF RIGHT0015" x="1854" y="0" width="400" height="435" frameX="-7" frameY="0" frameWidth="407" frameHeight="435" />
<SubTexture name="ALT 2 BF RIGHT0016" x="1854" y="0" width="400" height="435" frameX="-7" frameY="0" frameWidth="407" frameHeight="435" />
<SubTexture name="ALT 2 BF RIGHT0017" x="1854" y="0" width="400" height="435" frameX="-7" frameY="0" frameWidth="407" frameHeight="435" />
<SubTexture name="ALT 2 BF UP0000" x="739" y="0" width="372" height="462" frameX="-6" frameY="0" frameWidth="378" frameHeight="462" />
<SubTexture name="ALT 2 BF UP0001" x="739" y="0" width="372" height="462" frameX="-6" frameY="0" frameWidth="378" frameHeight="462" />
<SubTexture name="ALT 2 BF UP0002" x="0" y="472" width="372" height="455" frameX="-4" frameY="-7" frameWidth="378" frameHeight="462" />
<SubTexture name="ALT 2 BF UP0003" x="0" y="472" width="372" height="455" frameX="-4" frameY="-7" frameWidth="378" frameHeight="462" />
<SubTexture name="ALT 2 BF UP0004" x="372" y="472" width="375" height="451" frameX="0" frameY="-11" frameWidth="378" frameHeight="462" />
<SubTexture name="ALT 2 BF UP0005" x="1111" y="0" width="375" height="451" frameX="0" frameY="-11" frameWidth="378" frameHeight="462" />
<SubTexture name="ALT 2 BF UP0006" x="1111" y="451" width="375" height="451" frameX="0" frameY="-11" frameWidth="378" frameHeight="462" />
<SubTexture name="ALT 2 BF UP0007" x="0" y="927" width="375" height="451" frameX="0" frameY="-11" frameWidth="378" frameHeight="462" />
<SubTexture name="ALT 2 BF UP0008" x="375" y="927" width="375" height="451" frameX="0" frameY="-11" frameWidth="378" frameHeight="462" />
<SubTexture name="ALT 2 BF UP0009" x="375" y="927" width="375" height="451" frameX="0" frameY="-11" frameWidth="378" frameHeight="462" />
<SubTexture name="ALT 2 BF UP0010" x="750" y="927" width="375" height="451" frameX="0" frameY="-11" frameWidth="378" frameHeight="462" />
<SubTexture name="ALT 2 BF UP0011" x="750" y="927" width="375" height="451" frameX="0" frameY="-11" frameWidth="378" frameHeight="462" />
<SubTexture name="ALT 2 BF UP0012" x="750" y="927" width="375" height="451" frameX="0" frameY="-11" frameWidth="378" frameHeight="462" />
<SubTexture name="ALT 2 BF UP0013" x="750" y="927" width="375" height="451" frameX="0" frameY="-11" frameWidth="378" frameHeight="462" />
<SubTexture name="ALT 2 BF UP0014" x="750" y="927" width="375" height="451" frameX="0" frameY="-11" frameWidth="378" frameHeight="462" />
<SubTexture name="ALT 2 BF UP0015" x="750" y="927" width="375" height="451" frameX="0" frameY="-11" frameWidth="378" frameHeight="462" />
<SubTexture name="ALT 2 BF UP0016" x="750" y="927" width="375" height="451" frameX="0" frameY="-11" frameWidth="378" frameHeight="462" />
<SubTexture name="ALT 2 BF UP0017" x="750" y="927" width="375" height="451" frameX="0" frameY="-11" frameWidth="378" frameHeight="462" />
<SubTexture name="BF NOTE DOWN0000" x="3354" y="3455" width="373" height="355" frameX="-1" frameY="-4" frameWidth="375" frameHeight="360" />
<SubTexture name="BF NOTE DOWN0001" x="3354" y="3455" width="373" height="355" frameX="-1" frameY="-4" frameWidth="375" frameHeight="360" />
<SubTexture name="BF NOTE DOWN0002" x="2611" y="3455" width="370" height="357" frameX="0" frameY="-2" frameWidth="375" frameHeight="360" />
<SubTexture name="BF NOTE DOWN0003" x="2611" y="3455" width="370" height="357" frameX="0" frameY="-1" frameWidth="375" frameHeight="360" />
<SubTexture name="BF NOTE DOWN0004" x="389" y="3455" width="371" height="358" frameX="0" frameY="-1" frameWidth="375" frameHeight="360" />
<SubTexture name="BF NOTE DOWN0005" x="760" y="3455" width="370" height="358" frameX="0" frameY="-1" frameWidth="375" frameHeight="360" />
<SubTexture name="BF NOTE DOWN0006" x="1130" y="3455" width="370" height="358" frameX="0" frameY="-1" frameWidth="375" frameHeight="360" />
<SubTexture name="BF NOTE DOWN0007" x="1500" y="3455" width="370" height="358" frameX="0" frameY="-1" frameWidth="375" frameHeight="360" />
<SubTexture name="BF NOTE DOWN0008" x="1870" y="3455" width="370" height="358" frameX="0" frameY="-1" frameWidth="375" frameHeight="360" />
<SubTexture name="BF NOTE DOWN0009" x="1870" y="3455" width="370" height="358" frameX="0" frameY="0" frameWidth="375" frameHeight="360" />
<SubTexture name="BF NOTE DOWN0010" x="2240" y="3455" width="371" height="358" frameX="0" frameY="-1" frameWidth="375" frameHeight="360" />
<SubTexture name="BF NOTE DOWN0011" x="2240" y="3455" width="371" height="358" frameX="0" frameY="0" frameWidth="375" frameHeight="360" />
<SubTexture name="BF NOTE DOWN0012" x="2240" y="3455" width="371" height="358" frameX="0" frameY="0" frameWidth="375" frameHeight="360" />
<SubTexture name="BF NOTE DOWN0013" x="2240" y="3455" width="371" height="358" frameX="0" frameY="0" frameWidth="375" frameHeight="360" />
<SubTexture name="BF NOTE DOWN0014" x="2240" y="3455" width="371" height="358" frameX="0" frameY="0" frameWidth="375" frameHeight="360" />
<SubTexture name="BF NOTE DOWN0015" x="2240" y="3455" width="371" height="358" frameX="0" frameY="0" frameWidth="375" frameHeight="360" />
<SubTexture name="BF NOTE DOWN0016" x="2240" y="3455" width="371" height="358" frameX="0" frameY="0" frameWidth="375" frameHeight="360" />
<SubTexture name="BF NOTE DOWN0017" x="2240" y="3455" width="371" height="358" frameX="0" frameY="0" frameWidth="375" frameHeight="360" />
<SubTexture name="BF NOTE DOWN0018" x="2240" y="3455" width="371" height="358" frameX="0" frameY="0" frameWidth="375" frameHeight="360" />
<SubTexture name="BF NOTE DOWN0019" x="2240" y="3455" width="371" height="358" frameX="0" frameY="0" frameWidth="375" frameHeight="360" />
<SubTexture name="BF NOTE DOWN0020" x="2240" y="3455" width="371" height="358" frameX="0" frameY="0" frameWidth="375" frameHeight="360" />
<SubTexture name="BF NOTE DOWN0021" x="2240" y="3455" width="371" height="358" frameX="0" frameY="0" frameWidth="375" frameHeight="360" />
<SubTexture name="BF NOTE DOWN0022" x="2240" y="3455" width="371" height="358" frameX="0" frameY="0" frameWidth="375" frameHeight="360" />
<SubTexture name="BF NOTE DOWN0023" x="2240" y="3455" width="371" height="358" frameX="0" frameY="0" frameWidth="375" frameHeight="360" />
<SubTexture name="BF NOTE DOWN0024" x="2240" y="3455" width="371" height="358" frameX="0" frameY="0" frameWidth="375" frameHeight="360" />
<SubTexture name="BF NOTE DOWN0025" x="2240" y="3455" width="371" height="358" frameX="0" frameY="0" frameWidth="375" frameHeight="360" />
<SubTexture name="BF NOTE DOWN0026" x="2240" y="3455" width="371" height="358" frameX="0" frameY="0" frameWidth="375" frameHeight="360" />
<SubTexture name="BF NOTE DOWN0027" x="2240" y="3455" width="371" height="358" frameX="0" frameY="0" frameWidth="375" frameHeight="360" />
<SubTexture name="BF NOTE DOWN0028" x="2240" y="3455" width="371" height="358" frameX="0" frameY="0" frameWidth="375" frameHeight="360" />
<SubTexture name="BF NOTE DOWN0029" x="2240" y="3455" width="371" height="358" frameX="0" frameY="0" frameWidth="375" frameHeight="360" />
<SubTexture name="BF NOTE DOWN MISS0000" x="2981" y="3455" width="373" height="356" frameX="-1" frameY="-36" frameWidth="378" frameHeight="393" />
<SubTexture name="BF NOTE DOWN MISS0001" x="3467" y="1594" width="376" height="392" frameX="-1" frameY="0" frameWidth="378" frameHeight="393" />
<SubTexture name="BF NOTE DOWN MISS0002" x="3467" y="1594" width="376" height="392" frameX="-1" frameY="0" frameWidth="378" frameHeight="393" />
<SubTexture name="BF NOTE DOWN MISS0003" x="3467" y="1986" width="378" height="388" frameX="0" frameY="-4" frameWidth="378" frameHeight="393" />
<SubTexture name="BF NOTE DOWN MISS0004" x="3467" y="1986" width="378" height="388" frameX="0" frameY="-4" frameWidth="378" frameHeight="393" />
<SubTexture name="BF NOTE DOWN MISS0005" x="3467" y="1986" width="378" height="388" frameX="0" frameY="-4" frameWidth="378" frameHeight="393" />
<SubTexture name="BF NOTE DOWN MISS0006" x="3467" y="1986" width="378" height="388" frameX="0" frameY="-4" frameWidth="378" frameHeight="393" />
<SubTexture name="BF NOTE DOWN MISS0007" x="3467" y="1986" width="378" height="388" frameX="0" frameY="-4" frameWidth="378" frameHeight="393" />
<SubTexture name="BF NOTE DOWN MISS0008" x="3467" y="1986" width="378" height="388" frameX="0" frameY="-4" frameWidth="378" frameHeight="393" />
<SubTexture name="BF NOTE DOWN MISS0009" x="3467" y="1986" width="378" height="388" frameX="0" frameY="-4" frameWidth="378" frameHeight="393" />
<SubTexture name="BF NOTE DOWN MISS0010" x="3467" y="1986" width="378" height="388" frameX="0" frameY="-4" frameWidth="378" frameHeight="393" />
<SubTexture name="BF NOTE DOWN MISS0011" x="3467" y="1986" width="378" height="388" frameX="0" frameY="-4" frameWidth="378" frameHeight="393" />
<SubTexture name="BF NOTE DOWN MISS0012" x="3467" y="1986" width="378" height="388" frameX="0" frameY="-4" frameWidth="378" frameHeight="393" />
<SubTexture name="BF NOTE DOWN MISS0013" x="3467" y="1986" width="378" height="388" frameX="0" frameY="-4" frameWidth="378" frameHeight="393" />
<SubTexture name="BF NOTE DOWN MISS0014" x="3467" y="1986" width="378" height="388" frameX="0" frameY="-4" frameWidth="378" frameHeight="393" />
<SubTexture name="BF NOTE DOWN MISS0015" x="3467" y="1986" width="378" height="388" frameX="0" frameY="-4" frameWidth="378" frameHeight="393" />
<SubTexture name="BF NOTE DOWN MISS0016" x="3467" y="1986" width="378" height="388" frameX="0" frameY="-4" frameWidth="378" frameHeight="393" />
<SubTexture name="BF NOTE DOWN MISS0017" x="3467" y="1986" width="378" height="388" frameX="0" frameY="-4" frameWidth="378" frameHeight="393" />
<SubTexture name="BF NOTE DOWN MISS0018" x="3467" y="1986" width="378" height="388" frameX="0" frameY="-4" frameWidth="378" frameHeight="393" />
<SubTexture name="BF NOTE DOWN MISS0019" x="3467" y="1986" width="378" height="388" frameX="0" frameY="-4" frameWidth="378" frameHeight="393" />
<SubTexture name="BF NOTE DOWN MISS0020" x="3467" y="1986" width="378" height="388" frameX="0" frameY="-4" frameWidth="378" frameHeight="393" />
<SubTexture name="BF NOTE DOWN MISS0021" x="3467" y="1986" width="378" height="388" frameX="0" frameY="-4" frameWidth="378" frameHeight="393" />
<SubTexture name="BF NOTE DOWN MISS0022" x="3467" y="1986" width="378" height="388" frameX="0" frameY="-4" frameWidth="378" frameHeight="393" />
<SubTexture name="BF NOTE DOWN MISS0023" x="3467" y="1986" width="378" height="388" frameX="0" frameY="-4" frameWidth="378" frameHeight="393" />
<SubTexture name="BF NOTE DOWN MISS0024" x="3467" y="1986" width="378" height="388" frameX="0" frameY="-4" frameWidth="378" frameHeight="393" />
<SubTexture name="BF NOTE DOWN MISS0025" x="3467" y="1986" width="378" height="388" frameX="0" frameY="-4" frameWidth="378" frameHeight="393" />
<SubTexture name="BF NOTE DOWN MISS0026" x="3467" y="1986" width="378" height="388" frameX="0" frameY="-4" frameWidth="378" frameHeight="393" />
<SubTexture name="BF NOTE DOWN MISS0027" x="3467" y="1986" width="378" height="388" frameX="0" frameY="-4" frameWidth="378" frameHeight="393" />
<SubTexture name="BF NOTE DOWN MISS0028" x="3467" y="1986" width="378" height="388" frameX="0" frameY="-4" frameWidth="378" frameHeight="393" />
<SubTexture name="BF NOTE LEFT0000" x="2001" y="2249" width="383" height="406" frameX="0" frameY="0" frameWidth="385" frameHeight="406" />
<SubTexture name="BF NOTE LEFT0001" x="2001" y="2249" width="383" height="406" frameX="0" frameY="0" frameWidth="385" frameHeight="406" />
<SubTexture name="BF NOTE LEFT0002" x="2384" y="2249" width="373" height="406" frameX="-11" frameY="0" frameWidth="385" frameHeight="406" />
<SubTexture name="BF NOTE LEFT0003" x="2384" y="2249" width="373" height="406" frameX="-11" frameY="0" frameWidth="385" frameHeight="406" />
<SubTexture name="BF NOTE LEFT0004" x="1230" y="2662" width="372" height="402" frameX="-13" frameY="-4" frameWidth="385" frameHeight="406" />
<SubTexture name="BF NOTE LEFT0005" x="1602" y="2662" width="372" height="402" frameX="-13" frameY="-4" frameWidth="385" frameHeight="406" />
<SubTexture name="BF NOTE LEFT0006" x="1974" y="2662" width="372" height="402" frameX="-13" frameY="-4" frameWidth="385" frameHeight="406" />
<SubTexture name="BF NOTE LEFT0007" x="2346" y="2662" width="372" height="402" frameX="-13" frameY="-4" frameWidth="385" frameHeight="406" />
<SubTexture name="BF NOTE LEFT0008" x="2718" y="2662" width="372" height="402" frameX="-13" frameY="-4" frameWidth="385" frameHeight="406" />
<SubTexture name="BF NOTE LEFT0009" x="2718" y="2662" width="372" height="402" frameX="-13" frameY="-4" frameWidth="385" frameHeight="406" />
<SubTexture name="BF NOTE LEFT0010" x="3090" y="2662" width="372" height="402" frameX="-13" frameY="-4" frameWidth="385" frameHeight="406" />
<SubTexture name="BF NOTE LEFT0011" x="3090" y="2662" width="372" height="402" frameX="-13" frameY="-4" frameWidth="385" frameHeight="406" />
<SubTexture name="BF NOTE LEFT0012" x="3090" y="2662" width="372" height="402" frameX="-13" frameY="-4" frameWidth="385" frameHeight="406" />
<SubTexture name="BF NOTE LEFT0013" x="3090" y="2662" width="372" height="402" frameX="-13" frameY="-4" frameWidth="385" frameHeight="406" />
<SubTexture name="BF NOTE LEFT0014" x="3090" y="2662" width="372" height="402" frameX="-13" frameY="-4" frameWidth="385" frameHeight="406" />
<SubTexture name="BF NOTE LEFT0015" x="3090" y="2662" width="372" height="402" frameX="-13" frameY="-4" frameWidth="385" frameHeight="406" />
<SubTexture name="BF NOTE LEFT MISS0000" x="2001" y="2249" width="383" height="406" frameX="0" frameY="-26" frameWidth="384" frameHeight="473" />
<SubTexture name="BF NOTE LEFT MISS0001" x="0" y="0" width="369" height="472" frameX="-15" frameY="0" frameWidth="384" frameHeight="473" />
<SubTexture name="BF NOTE LEFT MISS0002" x="0" y="0" width="369" height="472" frameX="-15" frameY="0" frameWidth="384" frameHeight="473" />
<SubTexture name="BF NOTE LEFT MISS0003" x="369" y="0" width="370" height="472" frameX="-13" frameY="0" frameWidth="384" frameHeight="473" />
<SubTexture name="BF NOTE LEFT MISS0004" x="369" y="0" width="370" height="472" frameX="-13" frameY="0" frameWidth="384" frameHeight="473" />
<SubTexture name="BF NOTE LEFT MISS0005" x="369" y="0" width="370" height="472" frameX="-13" frameY="0" frameWidth="384" frameHeight="473" />
<SubTexture name="BF NOTE LEFT MISS0006" x="369" y="0" width="370" height="472" frameX="-13" frameY="0" frameWidth="384" frameHeight="473" />
<SubTexture name="BF NOTE LEFT MISS0007" x="369" y="0" width="370" height="472" frameX="-13" frameY="0" frameWidth="384" frameHeight="473" />
<SubTexture name="BF NOTE LEFT MISS0008" x="369" y="0" width="370" height="472" frameX="-13" frameY="0" frameWidth="384" frameHeight="473" />
<SubTexture name="BF NOTE LEFT MISS0009" x="369" y="0" width="370" height="472" frameX="-13" frameY="0" frameWidth="384" frameHeight="473" />
<SubTexture name="BF NOTE LEFT MISS0010" x="369" y="0" width="370" height="472" frameX="-13" frameY="0" frameWidth="384" frameHeight="473" />
<SubTexture name="BF NOTE LEFT MISS0011" x="369" y="0" width="370" height="472" frameX="-13" frameY="0" frameWidth="384" frameHeight="473" />
<SubTexture name="BF NOTE LEFT MISS0012" x="369" y="0" width="370" height="472" frameX="-13" frameY="0" frameWidth="384" frameHeight="473" />
<SubTexture name="BF NOTE LEFT MISS0013" x="369" y="0" width="370" height="472" frameX="-13" frameY="0" frameWidth="384" frameHeight="473" />
<SubTexture name="BF NOTE LEFT MISS0014" x="369" y="0" width="370" height="472" frameX="-13" frameY="0" frameWidth="384" frameHeight="473" />
<SubTexture name="BF NOTE LEFT MISS0015" x="369" y="0" width="370" height="472" frameX="-13" frameY="0" frameWidth="384" frameHeight="473" />
<SubTexture name="BF NOTE LEFT MISS0016" x="369" y="0" width="370" height="472" frameX="-13" frameY="0" frameWidth="384" frameHeight="473" />
<SubTexture name="BF NOTE LEFT MISS0017" x="369" y="0" width="370" height="472" frameX="-13" frameY="0" frameWidth="384" frameHeight="473" />
<SubTexture name="BF NOTE LEFT MISS0018" x="369" y="0" width="370" height="472" frameX="-13" frameY="0" frameWidth="384" frameHeight="473" />
<SubTexture name="BF NOTE LEFT MISS0019" x="369" y="0" width="370" height="472" frameX="-13" frameY="0" frameWidth="384" frameHeight="473" />
<SubTexture name="BF NOTE LEFT MISS0020" x="369" y="0" width="370" height="472" frameX="-13" frameY="0" frameWidth="384" frameHeight="473" />
<SubTexture name="BF NOTE LEFT MISS0021" x="369" y="0" width="370" height="472" frameX="-13" frameY="0" frameWidth="384" frameHeight="473" />
<SubTexture name="BF NOTE LEFT MISS0022" x="369" y="0" width="370" height="472" frameX="-13" frameY="0" frameWidth="384" frameHeight="473" />
<SubTexture name="BF NOTE LEFT MISS0023" x="369" y="0" width="370" height="472" frameX="-13" frameY="0" frameWidth="384" frameHeight="473" />
<SubTexture name="BF NOTE LEFT MISS0024" x="369" y="0" width="370" height="472" frameX="-13" frameY="0" frameWidth="384" frameHeight="473" />
<SubTexture name="BF NOTE LEFT MISS0025" x="369" y="0" width="370" height="472" frameX="-13" frameY="0" frameWidth="384" frameHeight="473" />
<SubTexture name="BF NOTE LEFT MISS0026" x="369" y="0" width="370" height="472" frameX="-13" frameY="0" frameWidth="384" frameHeight="473" />
<SubTexture name="BF NOTE LEFT MISS0027" x="369" y="0" width="370" height="472" frameX="-13" frameY="0" frameWidth="384" frameHeight="473" />
<SubTexture name="BF NOTE LEFT MISS0028" x="369" y="0" width="370" height="472" frameX="-13" frameY="0" frameWidth="384" frameHeight="473" />
<SubTexture name="BF NOTE LEFT MISS0029" x="369" y="0" width="370" height="472" frameX="-13" frameY="0" frameWidth="384" frameHeight="473" />
<SubTexture name="BF NOTE LEFT MISS0030" x="369" y="0" width="370" height="472" frameX="-13" frameY="0" frameWidth="384" frameHeight="473" />
<SubTexture name="BF NOTE LEFT MISS0031" x="369" y="0" width="370" height="472" frameX="-13" frameY="0" frameWidth="384" frameHeight="473" />
<SubTexture name="BF NOTE LEFT MISS0032" x="369" y="0" width="370" height="472" frameX="-13" frameY="0" frameWidth="384" frameHeight="473" />
<SubTexture name="BF NOTE LEFT MISS0033" x="369" y="0" width="370" height="472" frameX="-13" frameY="0" frameWidth="384" frameHeight="473" />
<SubTexture name="BF NOTE RIGHT0000" x="408" y="2662" width="411" height="404" frameX="-1" frameY="-2" frameWidth="412" frameHeight="406" />
<SubTexture name="BF NOTE RIGHT0001" x="408" y="2662" width="411" height="404" frameX="-1" frameY="-2" frameWidth="412" frameHeight="406" />
<SubTexture name="BF NOTE RIGHT0002" x="3056" y="0" width="411" height="406" frameX="0" frameY="0" frameWidth="412" frameHeight="406" />
<SubTexture name="BF NOTE RIGHT0003" x="3056" y="0" width="411" height="406" frameX="0" frameY="0" frameWidth="412" frameHeight="406" />
<SubTexture name="BF NOTE RIGHT0004" x="3056" y="406" width="408" height="405" frameX="0" frameY="-1" frameWidth="412" frameHeight="406" />
<SubTexture name="BF NOTE RIGHT0005" x="3056" y="811" width="408" height="405" frameX="0" frameY="-1" frameWidth="412" frameHeight="406" />
<SubTexture name="BF NOTE RIGHT0006" x="3056" y="1216" width="408" height="405" frameX="0" frameY="-1" frameWidth="412" frameHeight="406" />
<SubTexture name="BF NOTE RIGHT0007" x="3056" y="1621" width="408" height="405" frameX="0" frameY="-1" frameWidth="412" frameHeight="406" />
<SubTexture name="BF NOTE RIGHT0008" x="3056" y="2026" width="409" height="405" frameX="0" frameY="-1" frameWidth="412" frameHeight="406" />
<SubTexture name="BF NOTE RIGHT0009" x="3056" y="2026" width="409" height="405" frameX="0" frameY="-1" frameWidth="412" frameHeight="406" />
<SubTexture name="BF NOTE RIGHT0010" x="0" y="2662" width="408" height="405" frameX="0" frameY="-1" frameWidth="412" frameHeight="406" />
<SubTexture name="BF NOTE RIGHT0011" x="0" y="2662" width="408" height="405" frameX="0" frameY="-1" frameWidth="412" frameHeight="406" />
<SubTexture name="BF NOTE RIGHT0012" x="0" y="2662" width="408" height="405" frameX="0" frameY="-1" frameWidth="412" frameHeight="406" />
<SubTexture name="BF NOTE RIGHT0013" x="0" y="2662" width="408" height="405" frameX="0" frameY="-1" frameWidth="412" frameHeight="406" />
<SubTexture name="BF NOTE RIGHT0014" x="0" y="2662" width="408" height="405" frameX="0" frameY="-1" frameWidth="412" frameHeight="406" />
<SubTexture name="BF NOTE RIGHT0015" x="0" y="2662" width="408" height="405" frameX="0" frameY="-1" frameWidth="412" frameHeight="406" />
<SubTexture name="BF NOTE RIGHT0016" x="0" y="2662" width="408" height="405" frameX="0" frameY="-1" frameWidth="412" frameHeight="406" />
<SubTexture name="BF NOTE RIGHT0017" x="0" y="2662" width="408" height="405" frameX="0" frameY="-1" frameWidth="412" frameHeight="406" />
<SubTexture name="BF NOTE RIGHT0018" x="0" y="2662" width="408" height="405" frameX="0" frameY="-1" frameWidth="412" frameHeight="406" />
<SubTexture name="BF NOTE RIGHT0019" x="0" y="2662" width="408" height="405" frameX="0" frameY="-1" frameWidth="412" frameHeight="406" />
<SubTexture name="BF NOTE RIGHT0020" x="0" y="2662" width="408" height="405" frameX="0" frameY="-1" frameWidth="412" frameHeight="406" />
<SubTexture name="BF NOTE RIGHT0021" x="0" y="2662" width="408" height="405" frameX="0" frameY="-1" frameWidth="412" frameHeight="406" />
<SubTexture name="BF NOTE RIGHT MISS0000" x="819" y="2662" width="411" height="404" frameX="-4" frameY="-31" frameWidth="415" frameHeight="435" />
<SubTexture name="BF NOTE RIGHT MISS0001" x="2254" y="433" width="395" height="432" frameX="0" frameY="0" frameWidth="415" frameHeight="435" />
<SubTexture name="BF NOTE RIGHT MISS0002" x="2254" y="433" width="395" height="432" frameX="0" frameY="0" frameWidth="415" frameHeight="435" />
<SubTexture name="BF NOTE RIGHT MISS0003" x="2254" y="865" width="399" height="432" frameX="-1" frameY="0" frameWidth="415" frameHeight="435" />
<SubTexture name="BF NOTE RIGHT MISS0004" x="2254" y="865" width="399" height="432" frameX="-1" frameY="0" frameWidth="415" frameHeight="435" />
<SubTexture name="BF NOTE RIGHT MISS0005" x="2254" y="865" width="399" height="432" frameX="-1" frameY="0" frameWidth="415" frameHeight="435" />
<SubTexture name="BF NOTE RIGHT MISS0006" x="2254" y="865" width="399" height="432" frameX="-1" frameY="0" frameWidth="415" frameHeight="435" />
<SubTexture name="BF NOTE RIGHT MISS0007" x="2254" y="865" width="399" height="432" frameX="-1" frameY="0" frameWidth="415" frameHeight="435" />
<SubTexture name="BF NOTE RIGHT MISS0008" x="2254" y="865" width="399" height="432" frameX="-1" frameY="0" frameWidth="415" frameHeight="435" />
<SubTexture name="BF NOTE RIGHT MISS0009" x="2254" y="865" width="399" height="432" frameX="-1" frameY="0" frameWidth="415" frameHeight="435" />
<SubTexture name="BF NOTE RIGHT MISS0010" x="2254" y="865" width="399" height="432" frameX="-1" frameY="0" frameWidth="415" frameHeight="435" />
<SubTexture name="BF NOTE RIGHT MISS0011" x="2254" y="865" width="399" height="432" frameX="-1" frameY="0" frameWidth="415" frameHeight="435" />
<SubTexture name="BF NOTE RIGHT MISS0012" x="2254" y="865" width="399" height="432" frameX="-1" frameY="0" frameWidth="415" frameHeight="435" />
<SubTexture name="BF NOTE RIGHT MISS0013" x="2254" y="865" width="399" height="432" frameX="-1" frameY="0" frameWidth="415" frameHeight="435" />
<SubTexture name="BF NOTE RIGHT MISS0014" x="2254" y="865" width="399" height="432" frameX="-1" frameY="0" frameWidth="415" frameHeight="435" />
<SubTexture name="BF NOTE RIGHT MISS0015" x="2254" y="865" width="399" height="432" frameX="-1" frameY="0" frameWidth="415" frameHeight="435" />
<SubTexture name="BF NOTE RIGHT MISS0016" x="2254" y="865" width="399" height="432" frameX="-1" frameY="0" frameWidth="415" frameHeight="435" />
<SubTexture name="BF NOTE RIGHT MISS0017" x="2254" y="865" width="399" height="432" frameX="-1" frameY="0" frameWidth="415" frameHeight="435" />
<SubTexture name="BF NOTE RIGHT MISS0018" x="2254" y="865" width="399" height="432" frameX="-1" frameY="0" frameWidth="415" frameHeight="435" />
<SubTexture name="BF NOTE RIGHT MISS0019" x="2254" y="865" width="399" height="432" frameX="-1" frameY="0" frameWidth="415" frameHeight="435" />
<SubTexture name="BF NOTE RIGHT MISS0020" x="2254" y="865" width="399" height="432" frameX="-1" frameY="0" frameWidth="415" frameHeight="435" />
<SubTexture name="BF NOTE RIGHT MISS0021" x="2254" y="865" width="399" height="432" frameX="-1" frameY="0" frameWidth="415" frameHeight="435" />
<SubTexture name="BF NOTE RIGHT MISS0022" x="2254" y="865" width="399" height="432" frameX="-1" frameY="0" frameWidth="415" frameHeight="435" />
<SubTexture name="BF NOTE RIGHT MISS0023" x="2254" y="865" width="399" height="432" frameX="-1" frameY="0" frameWidth="415" frameHeight="435" />
<SubTexture name="BF NOTE RIGHT MISS0024" x="2254" y="865" width="399" height="432" frameX="-1" frameY="0" frameWidth="415" frameHeight="435" />
<SubTexture name="BF NOTE RIGHT MISS0025" x="2254" y="865" width="399" height="432" frameX="-1" frameY="0" frameWidth="415" frameHeight="435" />
<SubTexture name="BF NOTE RIGHT MISS0026" x="2254" y="865" width="399" height="432" frameX="-1" frameY="0" frameWidth="415" frameHeight="435" />
<SubTexture name="BF NOTE RIGHT MISS0027" x="2254" y="865" width="399" height="432" frameX="-1" frameY="0" frameWidth="415" frameHeight="435" />
<SubTexture name="BF NOTE RIGHT MISS0028" x="2254" y="865" width="399" height="432" frameX="-1" frameY="0" frameWidth="415" frameHeight="435" />
<SubTexture name="BF NOTE RIGHT MISS0029" x="2254" y="865" width="399" height="432" frameX="-1" frameY="0" frameWidth="415" frameHeight="435" />
<SubTexture name="BF NOTE RIGHT MISS0030" x="2254" y="865" width="399" height="432" frameX="-1" frameY="0" frameWidth="415" frameHeight="435" />
<SubTexture name="BF NOTE RIGHT MISS0031" x="2254" y="865" width="399" height="432" frameX="-1" frameY="0" frameWidth="415" frameHeight="435" />
<SubTexture name="BF NOTE RIGHT MISS0032" x="2254" y="865" width="399" height="432" frameX="-1" frameY="0" frameWidth="415" frameHeight="435" />
<SubTexture name="BF NOTE RIGHT MISS0033" x="2254" y="865" width="399" height="432" frameX="-1" frameY="0" frameWidth="415" frameHeight="435" />
<SubTexture name="BF NOTE RIGHT MISS0034" x="2254" y="865" width="399" height="432" frameX="-1" frameY="0" frameWidth="415" frameHeight="435" />
<SubTexture name="BF NOTE RIGHT MISS0035" x="2254" y="865" width="399" height="432" frameX="-1" frameY="0" frameWidth="415" frameHeight="435" />
<SubTexture name="BF NOTE RIGHT MISS0036" x="2254" y="865" width="399" height="432" frameX="-1" frameY="0" frameWidth="415" frameHeight="435" />
<SubTexture name="BF NOTE RIGHT MISS0037" x="2254" y="865" width="399" height="432" frameX="-1" frameY="0" frameWidth="415" frameHeight="435" />
<SubTexture name="BF NOTE RIGHT MISS0038" x="2254" y="865" width="399" height="432" frameX="-1" frameY="0" frameWidth="415" frameHeight="435" />
<SubTexture name="BF NOTE RIGHT MISS0039" x="2254" y="865" width="399" height="432" frameX="-1" frameY="0" frameWidth="415" frameHeight="435" />
<SubTexture name="BF NOTE RIGHT MISS0040" x="2254" y="865" width="399" height="432" frameX="-1" frameY="0" frameWidth="415" frameHeight="435" />
<SubTexture name="BF NOTE RIGHT MISS0041" x="2254" y="865" width="399" height="432" frameX="-1" frameY="0" frameWidth="415" frameHeight="435" />
<SubTexture name="BF NOTE RIGHT MISS0042" x="2254" y="865" width="399" height="432" frameX="-1" frameY="0" frameWidth="415" frameHeight="435" />
<SubTexture name="BF NOTE RIGHT MISS0043" x="2254" y="865" width="399" height="432" frameX="-1" frameY="0" frameWidth="415" frameHeight="435" />
<SubTexture name="BF NOTE RIGHT MISS0044" x="2254" y="865" width="399" height="432" frameX="-1" frameY="0" frameWidth="415" frameHeight="435" />
<SubTexture name="BF NOTE RIGHT MISS0045" x="2254" y="865" width="399" height="432" frameX="-1" frameY="0" frameWidth="415" frameHeight="435" />
<SubTexture name="BF NOTE UP0000" x="1486" y="0" width="368" height="442" frameX="-7" frameY="0" frameWidth="377" frameHeight="443" />
<SubTexture name="BF NOTE UP0001" x="1486" y="0" width="368" height="442" frameX="-7" frameY="0" frameWidth="377" frameHeight="443" />
<SubTexture name="BF NOTE UP0002" x="0" y="1378" width="376" height="436" frameX="-1" frameY="-6" frameWidth="377" frameHeight="443" />
<SubTexture name="BF NOTE UP0003" x="0" y="1378" width="376" height="436" frameX="-1" frameY="-5" frameWidth="377" frameHeight="443" />
<SubTexture name="BF NOTE UP0004" x="1854" y="435" width="377" height="435" frameX="0" frameY="-7" frameWidth="377" frameHeight="443" />
<SubTexture name="BF NOTE UP0005" x="1854" y="870" width="377" height="435" frameX="0" frameY="-7" frameWidth="377" frameHeight="443" />
<SubTexture name="BF NOTE UP0006" x="1854" y="1305" width="377" height="435" frameX="0" frameY="-7" frameWidth="377" frameHeight="443" />
<SubTexture name="BF NOTE UP0007" x="0" y="1814" width="377" height="435" frameX="0" frameY="-7" frameWidth="377" frameHeight="443" />
<SubTexture name="BF NOTE UP0008" x="377" y="1814" width="377" height="435" frameX="0" frameY="-7" frameWidth="377" frameHeight="443" />
<SubTexture name="BF NOTE UP0009" x="377" y="1814" width="377" height="435" frameX="0" frameY="-6" frameWidth="377" frameHeight="443" />
<SubTexture name="BF NOTE UP0010" x="754" y="1814" width="377" height="435" frameX="0" frameY="-7" frameWidth="377" frameHeight="443" />
<SubTexture name="BF NOTE UP0011" x="754" y="1814" width="377" height="435" frameX="0" frameY="-6" frameWidth="377" frameHeight="443" />
<SubTexture name="BF NOTE UP0012" x="754" y="1814" width="377" height="435" frameX="0" frameY="-6" frameWidth="377" frameHeight="443" />
<SubTexture name="BF NOTE UP0013" x="754" y="1814" width="377" height="435" frameX="0" frameY="-6" frameWidth="377" frameHeight="443" />
<SubTexture name="BF NOTE UP0014" x="754" y="1814" width="377" height="435" frameX="0" frameY="-6" frameWidth="377" frameHeight="443" />
<SubTexture name="BF NOTE UP MISS0000" x="1486" y="442" width="368" height="442" frameX="-10" frameY="0" frameWidth="379" frameHeight="443" />
<SubTexture name="BF NOTE UP MISS0001" x="2653" y="428" width="359" height="427" frameX="0" frameY="-13" frameWidth="379" frameHeight="443" />
<SubTexture name="BF NOTE UP MISS0002" x="2653" y="428" width="359" height="427" frameX="0" frameY="-13" frameWidth="379" frameHeight="443" />
<SubTexture name="BF NOTE UP MISS0003" x="2254" y="1297" width="356" height="430" frameX="-1" frameY="-10" frameWidth="379" frameHeight="443" />
<SubTexture name="BF NOTE UP MISS0004" x="2254" y="1297" width="356" height="430" frameX="-1" frameY="-10" frameWidth="379" frameHeight="443" />
<SubTexture name="BF NOTE UP MISS0005" x="2254" y="1297" width="356" height="430" frameX="-1" frameY="-10" frameWidth="379" frameHeight="443" />
<SubTexture name="BF NOTE UP MISS0006" x="2254" y="1297" width="356" height="430" frameX="-1" frameY="-10" frameWidth="379" frameHeight="443" />
<SubTexture name="BF NOTE UP MISS0007" x="2254" y="1297" width="356" height="430" frameX="-1" frameY="-10" frameWidth="379" frameHeight="443" />
<SubTexture name="BF NOTE UP MISS0008" x="2254" y="1297" width="356" height="430" frameX="-1" frameY="-10" frameWidth="379" frameHeight="443" />
<SubTexture name="BF NOTE UP MISS0009" x="2254" y="1297" width="356" height="430" frameX="-1" frameY="-10" frameWidth="379" frameHeight="443" />
<SubTexture name="BF NOTE UP MISS0010" x="2254" y="1297" width="356" height="430" frameX="-1" frameY="-10" frameWidth="379" frameHeight="443" />
<SubTexture name="BF NOTE UP MISS0011" x="2254" y="1297" width="356" height="430" frameX="-1" frameY="-10" frameWidth="379" frameHeight="443" />
<SubTexture name="BF NOTE UP MISS0012" x="2254" y="1297" width="356" height="430" frameX="-1" frameY="-10" frameWidth="379" frameHeight="443" />
<SubTexture name="BF NOTE UP MISS0013" x="2254" y="1297" width="356" height="430" frameX="-1" frameY="-10" frameWidth="379" frameHeight="443" />
<SubTexture name="BF NOTE UP MISS0014" x="2254" y="1297" width="356" height="430" frameX="-1" frameY="-10" frameWidth="379" frameHeight="443" />
<SubTexture name="BF NOTE UP MISS0015" x="2254" y="1297" width="356" height="430" frameX="-1" frameY="-10" frameWidth="379" frameHeight="443" />
<SubTexture name="BF NOTE UP MISS0016" x="2254" y="1297" width="356" height="430" frameX="-1" frameY="-10" frameWidth="379" frameHeight="443" />
<SubTexture name="BF NOTE UP MISS0017" x="2254" y="1297" width="356" height="430" frameX="-1" frameY="-10" frameWidth="379" frameHeight="443" />
<SubTexture name="BF NOTE UP MISS0018" x="2254" y="1297" width="356" height="430" frameX="-1" frameY="-10" frameWidth="379" frameHeight="443" />
<SubTexture name="BF NOTE UP MISS0019" x="2254" y="1297" width="356" height="430" frameX="-1" frameY="-10" frameWidth="379" frameHeight="443" />
<SubTexture name="BF NOTE UP MISS0020" x="2254" y="1297" width="356" height="430" frameX="-1" frameY="-10" frameWidth="379" frameHeight="443" />
<SubTexture name="BF NOTE UP MISS0021" x="2254" y="1297" width="356" height="430" frameX="-1" frameY="-10" frameWidth="379" frameHeight="443" />
<SubTexture name="BF NOTE UP MISS0022" x="2254" y="1297" width="356" height="430" frameX="-1" frameY="-10" frameWidth="379" frameHeight="443" />
<SubTexture name="BF NOTE UP MISS0023" x="2254" y="1297" width="356" height="430" frameX="-1" frameY="-10" frameWidth="379" frameHeight="443" />
<SubTexture name="BF idle dance0000" x="3467" y="2374" width="394" height="388" frameX="-24" frameY="-23" frameWidth="425" frameHeight="412" />
<SubTexture name="BF idle dance0001" x="0" y="3067" width="390" height="388" frameX="-28" frameY="-23" frameWidth="425" frameHeight="412" />
<SubTexture name="BF idle dance0002" x="390" y="3067" width="380" height="387" frameX="-41" frameY="-24" frameWidth="425" frameHeight="412" />
<SubTexture name="BF idle dance0003" x="770" y="3067" width="377" height="387" frameX="-43" frameY="-24" frameWidth="425" frameHeight="412" />
<SubTexture name="BF idle dance0004" x="3467" y="804" width="371" height="395" frameX="-50" frameY="-17" frameWidth="425" frameHeight="412" />
<SubTexture name="BF idle dance0005" x="3467" y="1199" width="401" height="395" frameX="-20" frameY="-17" frameWidth="425" frameHeight="412" />
<SubTexture name="BF idle dance0006" x="3467" y="0" width="421" height="402" frameX="0" frameY="-10" frameWidth="425" frameHeight="412" />
<SubTexture name="BF idle dance0007" x="3467" y="402" width="416" height="402" frameX="-5" frameY="-10" frameWidth="425" frameHeight="412" />
<SubTexture name="BF idle dance0008" x="1592" y="2249" width="409" height="412" frameX="-15" frameY="0" frameWidth="425" frameHeight="412" />
<SubTexture name="BF idle dance0009" x="1592" y="2249" width="409" height="412" frameX="-15" frameY="0" frameWidth="425" frameHeight="412" />
<SubTexture name="BF idle dance0010" x="1592" y="2249" width="409" height="412" frameX="-15" frameY="0" frameWidth="425" frameHeight="412" />
<SubTexture name="BF idle dance0011" x="1592" y="2249" width="409" height="412" frameX="-15" frameY="0" frameWidth="425" frameHeight="412" />
</TextureAtlas>
