<?xml version='1.0' encoding='utf-8'?>
<TextureAtlas imagePath="FloofGF.png">
<SubTexture name="GF Dancing Beat instance 10000" x="0" y="0" width="700" height="708" frameX="-2" frameY="-20" frameWidth="705" frameHeight="730" />
<SubTexture name="GF Dancing Beat instance 10001" x="700" y="0" width="704" height="709" frameX="0" frameY="-20" frameWidth="705" frameHeight="730" />
<SubTexture name="GF Dancing Beat instance 10002" x="1404" y="0" width="704" height="709" frameX="0" frameY="-20" frameWidth="705" frameHeight="730" />
<SubTexture name="GF Dancing Beat instance 10003" x="2108" y="0" width="699" height="709" frameX="-2" frameY="-20" frameWidth="705" frameHeight="730" />
<SubTexture name="GF Dancing Beat instance 10004" x="0" y="709" width="699" height="711" frameX="-2" frameY="-18" frameWidth="705" frameHeight="730" />
<SubTexture name="GF Dancing Beat instance 10005" x="699" y="709" width="700" height="711" frameX="-2" frameY="-18" frameWidth="705" frameHeight="730" />
<SubTexture name="GF Dancing Beat instance 10006" x="1399" y="709" width="699" height="725" frameX="-2" frameY="-4" frameWidth="705" frameHeight="730" />
<SubTexture name="GF Dancing Beat instance 10007" x="2098" y="709" width="699" height="729" frameX="-2" frameY="0" frameWidth="705" frameHeight="730" />
<SubTexture name="GF Dancing Beat instance 10008" x="2098" y="709" width="699" height="729" frameX="0" frameY="0" frameWidth="705" frameHeight="730" />
<SubTexture name="GF Dancing Beat instance 10009" x="2098" y="709" width="699" height="729" frameX="0" frameY="0" frameWidth="705" frameHeight="730" />
<SubTexture name="GF Dancing Beat instance 10010" x="0" y="1438" width="700" height="729" frameX="-2" frameY="0" frameWidth="705" frameHeight="730" />
<SubTexture name="GF Dancing Beat instance 10011" x="0" y="1438" width="700" height="729" frameX="0" frameY="0" frameWidth="705" frameHeight="730" />
<SubTexture name="GF Dancing Beat instance 10012" x="0" y="1438" width="700" height="729" frameX="0" frameY="0" frameWidth="705" frameHeight="730" />
<SubTexture name="GF Dancing Beat instance 10013" x="700" y="1438" width="699" height="729" frameX="-2" frameY="0" frameWidth="705" frameHeight="730" />
<SubTexture name="GF Dancing Beat instance 10014" x="700" y="1438" width="699" height="729" frameX="0" frameY="0" frameWidth="705" frameHeight="730" />
<SubTexture name="GF Dancing Beat instance 10015" x="1399" y="1438" width="699" height="724" frameX="-2" frameY="-5" frameWidth="705" frameHeight="730" />
<SubTexture name="GF Dancing Beat instance 10016" x="2098" y="1438" width="704" height="724" frameX="0" frameY="-5" frameWidth="705" frameHeight="730" />
<SubTexture name="GF Dancing Beat instance 10017" x="0" y="2167" width="704" height="723" frameX="0" frameY="-6" frameWidth="705" frameHeight="730" />
<SubTexture name="GF Dancing Beat instance 10018" x="704" y="2167" width="699" height="723" frameX="-2" frameY="-6" frameWidth="705" frameHeight="730" />
<SubTexture name="GF Dancing Beat instance 10019" x="1403" y="2167" width="699" height="723" frameX="-2" frameY="-6" frameWidth="705" frameHeight="730" />
<SubTexture name="GF Dancing Beat instance 10020" x="2102" y="2167" width="699" height="723" frameX="-2" frameY="-6" frameWidth="705" frameHeight="730" />
<SubTexture name="GF Dancing Beat instance 10021" x="0" y="2890" width="700" height="725" frameX="-2" frameY="-4" frameWidth="705" frameHeight="730" />
<SubTexture name="GF Dancing Beat instance 10022" x="700" y="2890" width="699" height="729" frameX="-2" frameY="0" frameWidth="705" frameHeight="730" />
<SubTexture name="GF Dancing Beat instance 10023" x="700" y="2890" width="699" height="729" frameX="0" frameY="0" frameWidth="705" frameHeight="730" />
<SubTexture name="GF Dancing Beat instance 10024" x="700" y="2890" width="699" height="729" frameX="0" frameY="0" frameWidth="705" frameHeight="730" />
<SubTexture name="GF Dancing Beat instance 10025" x="1399" y="2890" width="699" height="729" frameX="-2" frameY="0" frameWidth="705" frameHeight="730" />
<SubTexture name="GF Dancing Beat instance 10026" x="1399" y="2890" width="699" height="729" frameX="0" frameY="0" frameWidth="705" frameHeight="730" />
<SubTexture name="GF Dancing Beat instance 10027" x="1399" y="2890" width="699" height="729" frameX="0" frameY="0" frameWidth="705" frameHeight="730" />
<SubTexture name="GF Dancing Beat instance 10028" x="2098" y="2890" width="700" height="729" frameX="-2" frameY="0" frameWidth="705" frameHeight="730" />
<SubTexture name="GF Dancing Beat instance 10029" x="2098" y="2890" width="700" height="729" frameX="0" frameY="0" frameWidth="705" frameHeight="730" />
</TextureAtlas>
