<?xml version='1.0' encoding='utf-8'?>
<TextureAtlas imagePath="Shaggyhot.png">
<SubTexture name="Shaggy Down0000" x="1407" y="1501" width="288" height="718" frameX="0" frameY="0" frameWidth="289" frameHeight="718" />
<SubTexture name="Shaggy Down0001" x="1695" y="1501" width="288" height="713" frameX="0" frameY="-5" frameWidth="289" frameHeight="718" />
<SubTexture name="Shaggy Down0002" x="2298" y="0" width="288" height="712" frameX="0" frameY="-6" frameWidth="289" frameHeight="718" />
<SubTexture name="Shaggy Down0003" x="1983" y="1501" width="289" height="713" frameX="0" frameY="-5" frameWidth="289" frameHeight="718" />
<SubTexture name="Shaggy Down0004" x="1983" y="1501" width="289" height="713" frameX="0" frameY="-5" frameWidth="289" frameHeight="718" />
<SubTexture name="Shaggy Down0005" x="1983" y="1501" width="289" height="713" frameX="0" frameY="-5" frameWidth="289" frameHeight="718" />
<SubTexture name="Shaggy Left0000" x="286" y="1501" width="281" height="737" frameX="0" frameY="0" frameWidth="281" frameHeight="737" />
<SubTexture name="Shaggy Left0001" x="567" y="1501" width="280" height="737" frameX="0" frameY="0" frameWidth="281" frameHeight="737" />
<SubTexture name="Shaggy Left0002" x="847" y="1501" width="280" height="737" frameX="0" frameY="0" frameWidth="281" frameHeight="737" />
<SubTexture name="Shaggy Left0003" x="1127" y="1501" width="280" height="737" frameX="0" frameY="0" frameWidth="281" frameHeight="737" />
<SubTexture name="Shaggy Left0004" x="1127" y="1501" width="280" height="737" frameX="0" frameY="0" frameWidth="281" frameHeight="737" />
<SubTexture name="Shaggy Left0005" x="1127" y="1501" width="280" height="737" frameX="0" frameY="0" frameWidth="281" frameHeight="737" />
<SubTexture name="Shaggy Left0006" x="1127" y="1501" width="280" height="737" frameX="0" frameY="0" frameWidth="281" frameHeight="737" />
<SubTexture name="Shaggy Right0000" x="288" y="761" width="313" height="739" frameX="0" frameY="-1" frameWidth="315" frameHeight="740" />
<SubTexture name="Shaggy Right0001" x="601" y="761" width="314" height="739" frameX="0" frameY="-1" frameWidth="315" frameHeight="740" />
<SubTexture name="Shaggy Right0002" x="1984" y="0" width="314" height="738" frameX="0" frameY="-2" frameWidth="315" frameHeight="740" />
<SubTexture name="Shaggy Right0003" x="1984" y="738" width="308" height="738" frameX="0" frameY="-2" frameWidth="315" frameHeight="740" />
<SubTexture name="Shaggy Right0004" x="1984" y="738" width="308" height="738" frameX="0" frameY="-1" frameWidth="315" frameHeight="740" />
<SubTexture name="Shaggy Right0005" x="1984" y="738" width="308" height="738" frameX="0" frameY="-1" frameWidth="315" frameHeight="740" />
<SubTexture name="Shaggy Up0000" x="840" y="0" width="280" height="753" frameX="0" frameY="-8" frameWidth="280" frameHeight="761" />
<SubTexture name="Shaggy Up0001" x="560" y="0" width="280" height="760" frameX="0" frameY="-1" frameWidth="280" frameHeight="761" />
<SubTexture name="Shaggy Up0002" x="0" y="0" width="280" height="761" frameX="0" frameY="0" frameWidth="280" frameHeight="761" />
<SubTexture name="Shaggy Up0003" x="280" y="0" width="280" height="761" frameX="0" frameY="0" frameWidth="280" frameHeight="761" />
<SubTexture name="Shaggy Up0004" x="280" y="0" width="280" height="761" frameX="0" frameY="0" frameWidth="280" frameHeight="761" />
<SubTexture name="Shaggy Up0005" x="280" y="0" width="280" height="761" frameX="0" frameY="0" frameWidth="280" frameHeight="761" />
<SubTexture name="Shaggy idle dance0000" x="1120" y="0" width="288" height="740" frameX="0" frameY="0" frameWidth="289" frameHeight="740" />
<SubTexture name="Shaggy idle dance0001" x="1120" y="0" width="288" height="740" frameX="0" frameY="0" frameWidth="289" frameHeight="740" />
<SubTexture name="Shaggy idle dance0002" x="1408" y="0" width="288" height="740" frameX="0" frameY="0" frameWidth="289" frameHeight="740" />
<SubTexture name="Shaggy idle dance0003" x="915" y="761" width="285" height="739" frameX="0" frameY="-1" frameWidth="289" frameHeight="740" />
<SubTexture name="Shaggy idle dance0004" x="1696" y="739" width="285" height="738" frameX="0" frameY="-2" frameWidth="289" frameHeight="740" />
<SubTexture name="Shaggy idle dance0005" x="0" y="1501" width="286" height="738" frameX="0" frameY="-2" frameWidth="289" frameHeight="740" />
<SubTexture name="Shaggy idle dance0006" x="1200" y="761" width="286" height="739" frameX="0" frameY="-1" frameWidth="289" frameHeight="740" />
<SubTexture name="Shaggy idle dance0007" x="1696" y="0" width="288" height="739" frameX="0" frameY="-1" frameWidth="289" frameHeight="740" />
<SubTexture name="Shaggy idle dance0008" x="0" y="761" width="288" height="740" frameX="0" frameY="0" frameWidth="289" frameHeight="740" />
<SubTexture name="Shaggy idle dance0009" x="0" y="761" width="288" height="740" frameX="0" frameY="0" frameWidth="289" frameHeight="740" />
</TextureAtlas>
