﻿<?xml version="1.0" encoding="utf-8"?>
<TextureAtlas imagePath="NOTE_assets.png">
	<!-- Created with Adobe Animate version 16.2.0.24 -->
	<!-- http://www.adobe.com/products/animate.html -->
	<SubTexture name="arrowDOWN0000" x="1740" y="157" width="157" height="154"/>
	<SubTexture name="arrowDOWN0001" x="1740" y="157" width="157" height="154"/>
	<SubTexture name="arrowDOWN0002" x="1740" y="157" width="157" height="154"/>
	<SubTexture name="arrowDOWN0003" x="1740" y="157" width="157" height="154"/>
	<SubTexture name="arrowDOWN0004" x="1740" y="157" width="157" height="154"/>
	<SubTexture name="arrowDOWN0005" x="1740" y="157" width="157" height="154"/>
	<SubTexture name="arrowDOWN0006" x="1740" y="157" width="157" height="154"/>
	<SubTexture name="arrowDOWN0007" x="1740" y="157" width="157" height="154"/>
	<SubTexture name="arrowDOWN0008" x="1740" y="157" width="157" height="154"/>
	<SubTexture name="arrowDOWN0009" x="1740" y="157" width="157" height="154"/>
	<SubTexture name="arrowDOWN0010" x="1740" y="157" width="157" height="154"/>
	<SubTexture name="arrowDOWN0011" x="1740" y="157" width="157" height="154"/>
	<SubTexture name="arrowDOWN0012" x="1740" y="157" width="157" height="154"/>
	<SubTexture name="arrowDOWN0013" x="1740" y="157" width="157" height="154"/>
	<SubTexture name="arrowDOWN0014" x="1740" y="157" width="157" height="154"/>
	<SubTexture name="arrowDOWN0015" x="1740" y="157" width="157" height="154"/>
	<SubTexture name="arrowDOWN0016" x="1740" y="157" width="157" height="154"/>
	<SubTexture name="arrowDOWN0017" x="1740" y="157" width="157" height="154"/>
	<SubTexture name="arrowDOWN0018" x="0" y="314" width="157" height="154"/>
	<SubTexture name="arrowDOWN0019" x="0" y="314" width="157" height="154"/>
	<SubTexture name="arrowDOWN0020" x="157" y="314" width="157" height="154"/>
	<SubTexture name="arrowDOWN0021" x="157" y="314" width="157" height="154"/>
	<SubTexture name="arrowDOWN0022" x="314" y="314" width="157" height="154"/>
	<SubTexture name="arrowDOWN0023" x="314" y="314" width="157" height="154"/>
	<SubTexture name="arrowDOWN0024" x="471" y="314" width="157" height="154"/>
	<SubTexture name="arrowDOWN0025" x="628" y="314" width="157" height="154"/>
	<SubTexture name="arrowDOWN0026" x="628" y="314" width="157" height="154"/>
	<SubTexture name="arrowDOWN0027" x="785" y="314" width="157" height="154"/>
	<SubTexture name="arrowDOWN0028" x="785" y="314" width="157" height="154"/>
	<SubTexture name="arrowDOWN0029" x="942" y="314" width="157" height="154"/>
	<SubTexture name="arrowLEFT0000" x="1099" y="314" width="154" height="157"/>
	<SubTexture name="arrowLEFT0001" x="1099" y="314" width="154" height="157"/>
	<SubTexture name="arrowLEFT0002" x="1099" y="314" width="154" height="157"/>
	<SubTexture name="arrowLEFT0003" x="1099" y="314" width="154" height="157"/>
	<SubTexture name="arrowLEFT0004" x="1099" y="314" width="154" height="157"/>
	<SubTexture name="arrowLEFT0005" x="1099" y="314" width="154" height="157"/>
	<SubTexture name="arrowLEFT0006" x="1099" y="314" width="154" height="157"/>
	<SubTexture name="arrowLEFT0007" x="1099" y="314" width="154" height="157"/>
	<SubTexture name="arrowLEFT0008" x="1099" y="314" width="154" height="157"/>
	<SubTexture name="arrowLEFT0009" x="1099" y="314" width="154" height="157"/>
	<SubTexture name="arrowLEFT0010" x="1099" y="314" width="154" height="157"/>
	<SubTexture name="arrowLEFT0011" x="1099" y="314" width="154" height="157"/>
	<SubTexture name="arrowLEFT0012" x="1099" y="314" width="154" height="157"/>
	<SubTexture name="arrowLEFT0013" x="1099" y="314" width="154" height="157"/>
	<SubTexture name="arrowLEFT0014" x="1099" y="314" width="154" height="157"/>
	<SubTexture name="arrowLEFT0015" x="1099" y="314" width="154" height="157"/>
	<SubTexture name="arrowLEFT0016" x="1099" y="314" width="154" height="157"/>
	<SubTexture name="arrowLEFT0017" x="1099" y="314" width="154" height="157"/>
	<SubTexture name="arrowLEFT0018" x="1253" y="314" width="154" height="157"/>
	<SubTexture name="arrowLEFT0019" x="1253" y="314" width="154" height="157"/>
	<SubTexture name="arrowLEFT0020" x="1407" y="314" width="154" height="157"/>
	<SubTexture name="arrowLEFT0021" x="1407" y="314" width="154" height="157"/>
	<SubTexture name="arrowLEFT0022" x="1561" y="314" width="154" height="157"/>
	<SubTexture name="arrowLEFT0023" x="1561" y="314" width="154" height="157"/>
	<SubTexture name="arrowLEFT0024" x="1715" y="314" width="154" height="157"/>
	<SubTexture name="arrowLEFT0025" x="1869" y="314" width="154" height="157"/>
	<SubTexture name="arrowLEFT0026" x="1869" y="314" width="154" height="157"/>
	<SubTexture name="arrowLEFT0027" x="0" y="471" width="154" height="157"/>
	<SubTexture name="arrowLEFT0028" x="0" y="471" width="154" height="157"/>
	<SubTexture name="arrowLEFT0029" x="154" y="471" width="154" height="157"/>
	<SubTexture name="arrowRIGHT0000" x="308" y="471" width="154" height="157"/>
	<SubTexture name="arrowRIGHT0001" x="308" y="471" width="154" height="157"/>
	<SubTexture name="arrowRIGHT0002" x="308" y="471" width="154" height="157"/>
	<SubTexture name="arrowRIGHT0003" x="308" y="471" width="154" height="157"/>
	<SubTexture name="arrowRIGHT0004" x="308" y="471" width="154" height="157"/>
	<SubTexture name="arrowRIGHT0005" x="308" y="471" width="154" height="157"/>
	<SubTexture name="arrowRIGHT0006" x="308" y="471" width="154" height="157"/>
	<SubTexture name="arrowRIGHT0007" x="308" y="471" width="154" height="157"/>
	<SubTexture name="arrowRIGHT0008" x="308" y="471" width="154" height="157"/>
	<SubTexture name="arrowRIGHT0009" x="308" y="471" width="154" height="157"/>
	<SubTexture name="arrowRIGHT0010" x="308" y="471" width="154" height="157"/>
	<SubTexture name="arrowRIGHT0011" x="308" y="471" width="154" height="157"/>
	<SubTexture name="arrowRIGHT0012" x="308" y="471" width="154" height="157"/>
	<SubTexture name="arrowRIGHT0013" x="308" y="471" width="154" height="157"/>
	<SubTexture name="arrowRIGHT0014" x="308" y="471" width="154" height="157"/>
	<SubTexture name="arrowRIGHT0015" x="308" y="471" width="154" height="157"/>
	<SubTexture name="arrowRIGHT0016" x="308" y="471" width="154" height="157"/>
	<SubTexture name="arrowRIGHT0017" x="308" y="471" width="154" height="157"/>
	<SubTexture name="arrowRIGHT0018" x="462" y="471" width="154" height="157"/>
	<SubTexture name="arrowRIGHT0019" x="462" y="471" width="154" height="157"/>
	<SubTexture name="arrowRIGHT0020" x="616" y="471" width="154" height="157"/>
	<SubTexture name="arrowRIGHT0021" x="616" y="471" width="154" height="157"/>
	<SubTexture name="arrowRIGHT0022" x="770" y="471" width="154" height="157"/>
	<SubTexture name="arrowRIGHT0023" x="770" y="471" width="154" height="157"/>
	<SubTexture name="arrowRIGHT0024" x="924" y="471" width="154" height="157"/>
	<SubTexture name="arrowRIGHT0025" x="1078" y="471" width="154" height="157"/>
	<SubTexture name="arrowRIGHT0026" x="1078" y="471" width="154" height="157"/>
	<SubTexture name="arrowRIGHT0027" x="1232" y="471" width="154" height="157"/>
	<SubTexture name="arrowRIGHT0028" x="1232" y="471" width="154" height="157"/>
	<SubTexture name="arrowRIGHT0029" x="1386" y="471" width="154" height="157"/>
	<SubTexture name="arrowUP0000" x="1540" y="471" width="157" height="154"/>
	<SubTexture name="arrowUP0001" x="1540" y="471" width="157" height="154"/>
	<SubTexture name="arrowUP0002" x="1540" y="471" width="157" height="154"/>
	<SubTexture name="arrowUP0003" x="1540" y="471" width="157" height="154"/>
	<SubTexture name="arrowUP0004" x="1540" y="471" width="157" height="154"/>
	<SubTexture name="arrowUP0005" x="1540" y="471" width="157" height="154"/>
	<SubTexture name="arrowUP0006" x="1540" y="471" width="157" height="154"/>
	<SubTexture name="arrowUP0007" x="1540" y="471" width="157" height="154"/>
	<SubTexture name="arrowUP0008" x="1540" y="471" width="157" height="154"/>
	<SubTexture name="arrowUP0009" x="1540" y="471" width="157" height="154"/>
	<SubTexture name="arrowUP0010" x="1540" y="471" width="157" height="154"/>
	<SubTexture name="arrowUP0011" x="1540" y="471" width="157" height="154"/>
	<SubTexture name="arrowUP0012" x="1540" y="471" width="157" height="154"/>
	<SubTexture name="arrowUP0013" x="1540" y="471" width="157" height="154"/>
	<SubTexture name="arrowUP0014" x="1540" y="471" width="157" height="154"/>
	<SubTexture name="arrowUP0015" x="1540" y="471" width="157" height="154"/>
	<SubTexture name="arrowUP0016" x="1540" y="471" width="157" height="154"/>
	<SubTexture name="arrowUP0017" x="1540" y="471" width="157" height="154"/>
	<SubTexture name="arrowUP0018" x="1697" y="471" width="157" height="154"/>
	<SubTexture name="arrowUP0019" x="1697" y="471" width="157" height="154"/>
	<SubTexture name="arrowUP0020" x="1854" y="471" width="157" height="154"/>
	<SubTexture name="arrowUP0021" x="1854" y="471" width="157" height="154"/>
	<SubTexture name="arrowUP0022" x="0" y="628" width="157" height="154"/>
	<SubTexture name="arrowUP0023" x="0" y="628" width="157" height="154"/>
	<SubTexture name="arrowUP0024" x="157" y="628" width="157" height="154"/>
	<SubTexture name="arrowUP0025" x="314" y="628" width="157" height="154"/>
	<SubTexture name="arrowUP0026" x="314" y="628" width="157" height="154"/>
	<SubTexture name="arrowUP0027" x="471" y="628" width="157" height="154"/>
	<SubTexture name="arrowUP0028" x="471" y="628" width="157" height="154"/>
	<SubTexture name="arrowUP0029" x="628" y="628" width="157" height="154"/>
	<SubTexture name="blue0000" x="0" y="0" width="157" height="154"/>
	<SubTexture name="blue0001" x="0" y="0" width="157" height="154"/>
	<SubTexture name="blue0002" x="157" y="0" width="157" height="154"/>
	<SubTexture name="blue0003" x="157" y="0" width="157" height="154"/>
	<SubTexture name="blue0004" x="314" y="0" width="157" height="154"/>
	<SubTexture name="blue0005" x="314" y="0" width="157" height="154"/>
	<SubTexture name="blue0006" x="471" y="0" width="157" height="154"/>
	<SubTexture name="blue0007" x="471" y="0" width="157" height="154"/>
	<SubTexture name="blue0008" x="471" y="0" width="157" height="154"/>
	<SubTexture name="blue0009" x="471" y="0" width="157" height="154"/>
	<SubTexture name="blue0010" x="314" y="0" width="157" height="154"/>
	<SubTexture name="blue hold piece0000" x="628" y="0" width="50" height="44"/>
	<SubTexture name="blue hold end0000" x="678" y="0" width="50" height="64"/>
	<SubTexture name="down confirm0000" x="785" y="628" width="238" height="235"/>
	<SubTexture name="down confirm0001" x="1023" y="628" width="238" height="235"/>
	<SubTexture name="down confirm0002" x="1261" y="628" width="238" height="235"/>
	<SubTexture name="down confirm0003" x="1261" y="628" width="238" height="235"/>
	<SubTexture name="down press0000" x="1499" y="628" width="149" height="146"/>
	<SubTexture name="down press0001" x="1499" y="628" width="149" height="146"/>
	<SubTexture name="down press0002" x="1648" y="628" width="149" height="146"/>
	<SubTexture name="down press0003" x="1648" y="628" width="149" height="146"/>
	<SubTexture name="green0000" x="728" y="0" width="157" height="154"/>
	<SubTexture name="green0001" x="728" y="0" width="157" height="154"/>
	<SubTexture name="green0002" x="885" y="0" width="157" height="154"/>
	<SubTexture name="green0003" x="885" y="0" width="157" height="154"/>
	<SubTexture name="green0004" x="1042" y="0" width="157" height="154"/>
	<SubTexture name="green0005" x="1042" y="0" width="157" height="154"/>
	<SubTexture name="green0006" x="1199" y="0" width="157" height="154"/>
	<SubTexture name="green0007" x="1199" y="0" width="157" height="154"/>
	<SubTexture name="green0008" x="1356" y="0" width="157" height="154"/>
	<SubTexture name="green0009" x="1356" y="0" width="157" height="154"/>
	<SubTexture name="green0010" x="1513" y="0" width="157" height="154"/>
	<SubTexture name="green hold piece0000" x="1670" y="0" width="50" height="44"/>
	<SubTexture name="green hold end0000" x="1720" y="0" width="50" height="64"/>
	<SubTexture name="left confirm0000" x="1797" y="628" width="228" height="231"/>
	<SubTexture name="left confirm0001" x="0" y="863" width="228" height="231"/>
	<SubTexture name="left confirm0002" x="228" y="863" width="228" height="231"/>
	<SubTexture name="left confirm0003" x="228" y="863" width="228" height="231"/>
	<SubTexture name="left press0000" x="456" y="863" width="146" height="149"/>
	<SubTexture name="left press0001" x="456" y="863" width="146" height="149"/>
	<SubTexture name="left press0002" x="602" y="863" width="146" height="149"/>
	<SubTexture name="left press0003" x="602" y="863" width="146" height="149"/>
	<SubTexture name="left press0004" x="602" y="863" width="146" height="149"/>
	<SubTexture name="left press0005" x="602" y="863" width="146" height="149"/>
	<SubTexture name="left press0006" x="602" y="863" width="146" height="149"/>
	<SubTexture name="left press0007" x="602" y="863" width="146" height="149"/>
	<SubTexture name="left press0008" x="602" y="863" width="146" height="149"/>
	<SubTexture name="left press0009" x="602" y="863" width="146" height="149"/>
	<SubTexture name="left press0010" x="602" y="863" width="146" height="149"/>
	<SubTexture name="left press0011" x="602" y="863" width="146" height="149"/>
	<SubTexture name="left press0012" x="602" y="863" width="146" height="149"/>
	<SubTexture name="left press0013" x="602" y="863" width="146" height="149"/>
	<SubTexture name="left press0014" x="602" y="863" width="146" height="149"/>
	<SubTexture name="left press0015" x="602" y="863" width="146" height="149"/>
	<SubTexture name="left press0016" x="602" y="863" width="146" height="149"/>
	<SubTexture name="left press0017" x="602" y="863" width="146" height="149"/>
	<SubTexture name="left press0018" x="602" y="863" width="146" height="149"/>
	<SubTexture name="left press0019" x="602" y="863" width="146" height="149"/>
	<SubTexture name="purple0000" x="1770" y="0" width="154" height="157"/>
	<SubTexture name="purple0001" x="1770" y="0" width="154" height="157"/>
	<SubTexture name="purple0002" x="0" y="157" width="154" height="157"/>
	<SubTexture name="purple0003" x="0" y="157" width="154" height="157"/>
	<SubTexture name="purple0004" x="154" y="157" width="154" height="157"/>
	<SubTexture name="purple0005" x="154" y="157" width="154" height="157"/>
	<SubTexture name="purple0006" x="308" y="157" width="154" height="157"/>
	<SubTexture name="purple0007" x="308" y="157" width="154" height="157"/>
	<SubTexture name="purple0008" x="154" y="157" width="154" height="157"/>
	<SubTexture name="purple0009" x="154" y="157" width="154" height="157"/>
	<SubTexture name="purple0010" x="462" y="157" width="154" height="157"/>
	<SubTexture name="purple0011" x="462" y="157" width="154" height="157"/>
	<SubTexture name="purple hold piece0000" x="616" y="157" width="50" height="44"/>
	<SubTexture name="pruple end hold0000" x="666" y="157" width="50" height="64"/>
	<SubTexture name="red0000" x="716" y="157" width="154" height="157"/>
	<SubTexture name="red0001" x="716" y="157" width="154" height="157"/>
	<SubTexture name="red0002" x="870" y="157" width="154" height="157"/>
	<SubTexture name="red0003" x="870" y="157" width="154" height="157"/>
	<SubTexture name="red0004" x="1024" y="157" width="154" height="157"/>
	<SubTexture name="red0005" x="1024" y="157" width="154" height="157"/>
	<SubTexture name="red0006" x="1178" y="157" width="154" height="157"/>
	<SubTexture name="red0007" x="1178" y="157" width="154" height="157"/>
	<SubTexture name="red0008" x="1332" y="157" width="154" height="157"/>
	<SubTexture name="red0009" x="1332" y="157" width="154" height="157"/>
	<SubTexture name="red0010" x="1486" y="157" width="154" height="157"/>
	<SubTexture name="red0011" x="1486" y="157" width="154" height="157"/>
	<SubTexture name="red hold piece0000" x="1640" y="157" width="50" height="44"/>
	<SubTexture name="red hold end0000" x="1690" y="157" width="50" height="64"/>
	<SubTexture name="right confirm0000" x="748" y="863" width="226" height="230"/>
	<SubTexture name="right confirm0001" x="974" y="863" width="226" height="230"/>
	<SubTexture name="right confirm0002" x="1200" y="863" width="226" height="230"/>
	<SubTexture name="right confirm0003" x="1200" y="863" width="226" height="230"/>
	<SubTexture name="right press0000" x="1426" y="863" width="148" height="151"/>
	<SubTexture name="right press0001" x="1426" y="863" width="148" height="151"/>
	<SubTexture name="right press0002" x="1574" y="863" width="148" height="151"/>
	<SubTexture name="right press0003" x="1574" y="863" width="148" height="151"/>
	<SubTexture name="right press0004" x="1574" y="863" width="148" height="151"/>
	<SubTexture name="right press0005" x="1574" y="863" width="148" height="151"/>
	<SubTexture name="right press0006" x="1574" y="863" width="148" height="151"/>
	<SubTexture name="right press0007" x="1574" y="863" width="148" height="151"/>
	<SubTexture name="right press0008" x="1574" y="863" width="148" height="151"/>
	<SubTexture name="right press0009" x="1574" y="863" width="148" height="151"/>
	<SubTexture name="right press0010" x="1574" y="863" width="148" height="151"/>
	<SubTexture name="right press0011" x="1574" y="863" width="148" height="151"/>
	<SubTexture name="right press0012" x="1574" y="863" width="148" height="151"/>
	<SubTexture name="right press0013" x="1574" y="863" width="148" height="151"/>
	<SubTexture name="right press0014" x="1574" y="863" width="148" height="151"/>
	<SubTexture name="right press0015" x="1574" y="863" width="148" height="151"/>
	<SubTexture name="right press0016" x="1574" y="863" width="148" height="151"/>
	<SubTexture name="right press0017" x="1574" y="863" width="148" height="151"/>
	<SubTexture name="right press0018" x="1574" y="863" width="148" height="151"/>
	<SubTexture name="right press0019" x="1574" y="863" width="148" height="151"/>
	<SubTexture name="right press0020" x="1574" y="863" width="148" height="151"/>
	<SubTexture name="right press0021" x="1574" y="863" width="148" height="151"/>
	<SubTexture name="right press0022" x="1574" y="863" width="148" height="151"/>
	<SubTexture name="right press0023" x="1574" y="863" width="148" height="151"/>
	<SubTexture name="right press0024" x="1574" y="863" width="148" height="151"/>
	<SubTexture name="right press0025" x="1574" y="863" width="148" height="151"/>
	<SubTexture name="right press0026" x="1574" y="863" width="148" height="151"/>
	<SubTexture name="up confirm0000" x="1722" y="863" width="236" height="232"/>
	<SubTexture name="up confirm0001" x="0" y="1095" width="236" height="232"/>
	<SubTexture name="up confirm0002" x="236" y="1095" width="236" height="232"/>
	<SubTexture name="up confirm0003" x="236" y="1095" width="236" height="232"/>
	<SubTexture name="up press0000" x="472" y="1095" width="153" height="150"/>
	<SubTexture name="up press0001" x="472" y="1095" width="153" height="150"/>
	<SubTexture name="up press0002" x="625" y="1095" width="153" height="150"/>
	<SubTexture name="up press0003" x="625" y="1095" width="153" height="150"/>
</TextureAtlas>
